Run,Assay Type,AvgSpotLen,Bases,BIOMATERIAL_PROVIDER,BioProject,BioSample,BioSampleModel,BREED,Bytes,Center Name,collected_by,Collection_Date,Consent,Cultivar,DATASTORE filetype,DATASTORE provider,DATASTORE region,dev_stage,Ecotype,Experiment,geo_loc_name_country,geo_loc_name_country_continent,geo_loc_name,Instrument,isolate,lat_lon,Library Name,LibraryLayout,LibrarySelection,LibrarySource,Organism,Platform,ReleaseDate,Sample Name,sample_number,sample_type,sex,SRA Study,store_cond,strain,tissue,create_date,version,specimen_voucher,latitude,longitude
SRR2568023,OTHER,81,50049738,Dr. Michael Berumen Red Sea Research Center King Abdullah University of Science and Technology Thuwal 23955 Saudi Arabia,PRJNA294760,SAMN04151387,Model organism or animal,not collected,41130401,KING ABDULLAH UNIVERSITY OF SCIENCE AND TECHNOLOGY,Steve Simpson,2007-01-01,public,not collected,"fastq,run.zq,sra","gs,ncbi,s3","gs.us-east1,ncbi.public,s3.us-east-1",Adult,not collected,SRX1309382,Oman,Asia,Oman,Illumina HiSeq 2000,not collected,16.969 N 55.085 E,omanensis_ACAGTC_AACCA,SINGLE,Restriction Digest,GENOMIC,Amphiprion omanensis,ILLUMINA,2015-11-01T00:00:00Z,omanensis_ACAGTC-AACCA,1,tissue,not collected,SRP064543,Ethanol,not collected,fin/gill,2015-10-07T16:39:00Z,1,,16.969,55.085
SRR2568024,OTHER,81,55370385,Dr. Michael Berumen Red Sea Research Center King Abdullah University of Science and Technology Thuwal 23955 Saudi Arabia,PRJNA294760,SAMN04151388,Model organism or animal,not collected,43539089,KING ABDULLAH UNIVERSITY OF SCIENCE AND TECHNOLOGY,Hugo Harrison,2007-01-01,public,not collected,"fastq,run.zq,sra","gs,ncbi,s3","gs.us-east1,ncbi.public,s3.us-east-1",Adult,not collected,SRX1309383,Oman,Asia,Oman,Illumina HiSeq 2000,not collected,16.969 N 55.085 E,omanensis_ACAGTC_AAGGA,SINGLE,Restriction Digest,GENOMIC,Amphiprion omanensis,ILLUMINA,2015-11-01T00:00:00Z,omanensis_ACAGTC-AAGGA,2,tissue,not collected,SRP064543,Ethanol,not collected,fin/gill,2015-10-07T16:39:00Z,1,,16.969,55.085
SRR2568025,OTHER,81,123846408,Dr. Michael Berumen Red Sea Research Center King Abdullah University of Science and Technology Thuwal 23955 Saudi Arabia,PRJNA294760,SAMN04151399,Model organism or animal,not collected,75424574,KING ABDULLAH UNIVERSITY OF SCIENCE AND TECHNOLOGY,Gerrit Nanninga,2012-10-01,public,not collected,"fastq,run.zq,sra","gs,ncbi,s3","gs.us-east1,ncbi.public,s3.us-east-1",Adult,not collected,SRX1309384,Djibouti,Africa,Djibouti,Illumina HiSeq 2000,not collected,11.721 N 43.165 E,site06_Amph_Dij1601_AAGGA-ACTTGA,SINGLE,Restriction Digest,GENOMIC,Amphiprion bicinctus,ILLUMINA,2015-11-01T00:00:00Z,site06_Amph_Dij1601_AAGGA-ACTTGA,13,tissue,not collected,SRP064543,Ethanol,not collected,fin/gill,2015-10-07T03:33:00Z,1,,11.721,43.165
SRR2568026,OTHER,81,51675003,Dr. Michael Berumen Red Sea Research Center King Abdullah University of Science and Technology Thuwal 23955 Saudi Arabia,PRJNA294760,SAMN04151487,Model organism or animal,not collected,34402583,KING ABDULLAH UNIVERSITY OF SCIENCE AND TECHNOLOGY,Gerrit Nanninga,2010-01-10,public,not collected,"fastq,run.zq,sra","gs,ncbi,s3","gs.us-east1,ncbi.public,s3.us-east-1",Adult,not collected,SRX1309385,Saudi Arabia,Asia,Saudi Arabia: Abu Terr,Illumina HiSeq 2000,not collected,21.676 N 38.841 E,site22_Amph_AT20_CGATC-CTTGTA,SINGLE,Restriction Digest,GENOMIC,Amphiprion bicinctus,ILLUMINA,2015-11-01T00:00:00Z,site22_Amph_AT20_CGATC-CTTGTA,101,tissue,not collected,SRP064543,Ethanol,not collected,fin/gill,2015-10-07T03:32:00Z,1,,21.676,38.841
SRR2568027,OTHER,81,150402582,Dr. Michael Berumen Red Sea Research Center King Abdullah University of Science and Technology Thuwal 23955 Saudi Arabia,PRJNA294760,SAMN04151488,Model organism or animal,not collected,99447211,KING ABDULLAH UNIVERSITY OF SCIENCE AND TECHNOLOGY,Gerrit Nanninga,2010-01-10,public,not collected,"fastq,run.zq,sra","gs,ncbi,s3","gs.us-east1,ncbi.public,s3.us-east-1",Adult,not collected,SRX1309386,Saudi Arabia,Asia,Saudi Arabia: Abu Terr,Illumina HiSeq 2000,not collected,21.676 N 38.841 E,site22_Amph_AT21_AATTA-CTTGTA,SINGLE,Restriction Digest,GENOMIC,Amphiprion bicinctus,ILLUMINA,2015-11-01T00:00:00Z,site22_Amph_AT21_AATTA-CTTGTA,102,tissue,not collected,SRP064543,Ethanol,not collected,fin/gill,2015-10-07T03:32:00Z,1,,21.676,38.841
SRR2568028,OTHER,81,37019511,Dr. Michael Berumen Red Sea Research Center King Abdullah University of Science and Technology Thuwal 23955 Saudi Arabia,PRJNA294760,SAMN04151489,Model organism or animal,not collected,23893246,KING ABDULLAH UNIVERSITY OF SCIENCE AND TECHNOLOGY,Gerrit Nanninga,2010-01-10,public,not collected,"fastq,run.zq,sra","gs,ncbi,s3","gs.us-east1,ncbi.public,s3.us-east-1",Adult,not collected,SRX1309387,Saudi Arabia,Asia,Saudi Arabia: Abu Terr,Illumina HiSeq 2000,not collected,21.676 N 38.841 E,site22_Amph_AT24_CGATC-ACTTGA,SINGLE,Restriction Digest,GENOMIC,Amphiprion bicinctus,ILLUMINA,2015-11-01T00:00:00Z,site22_Amph_AT24_CGATC-ACTTGA,103,tissue,not collected,SRP064543,Ethanol,not collected,fin/gill,2015-10-07T03:32:00Z,1,,21.676,38.841
SRR2568029,OTHER,81,46939095,Dr. Michael Berumen Red Sea Research Center King Abdullah University of Science and Technology Thuwal 23955 Saudi Arabia,PRJNA294760,SAMN04151490,Model organism or animal,not collected,29456244,KING ABDULLAH UNIVERSITY OF SCIENCE AND TECHNOLOGY,Gerrit Nanninga,2010-10-30,public,not collected,"fastq,run.zq,sra","gs,ncbi,s3","gs.us-east1,ncbi.public,s3.us-east-1",Adult,not collected,SRX1309388,Saudi Arabia,Asia,Saudi Arabia: Yanbu,Illumina HiSeq 2000,not collected,24.15 N 37.675 E,site23_Amph_Yan16_AACCA-CAGATC,SINGLE,Restriction Digest,GENOMIC,Amphiprion bicinctus,ILLUMINA,2015-11-01T00:00:00Z,site23_Amph_Yan16_AACCA-CAGATC,104,tissue,not collected,SRP064543,Ethanol,not collected,fin/gill,2015-10-07T03:32:00Z,1,,24.15,37.675
SRR2568030,OTHER,81,47490300,Dr. Michael Berumen Red Sea Research Center King Abdullah University of Science and Technology Thuwal 23955 Saudi Arabia,PRJNA294760,SAMN04151491,Model organism or animal,not collected,31355312,KING ABDULLAH UNIVERSITY OF SCIENCE AND TECHNOLOGY,Gerrit Nanninga,2010-10-30,public,not collected,"fastq,run.zq,sra","gs,ncbi,s3","gs.us-east1,ncbi.public,s3.us-east-1",Adult,not collected,SRX1309389,Saudi Arabia,Asia,Saudi Arabia: Yanbu,Illumina HiSeq 2000,not collected,24.15 N 37.675 E,site23_Amph_Yan17_AACCA-GATCAG,SINGLE,Restriction Digest,GENOMIC,Amphiprion bicinctus,ILLUMINA,2015-11-01T00:00:00Z,site23_Amph_Yan17_AACCA-GATCAG,105,tissue,not collected,SRP064543,Ethanol,not collected,fin/gill,2015-10-07T03:32:00Z,1,,24.15,37.675
SRR2568031,OTHER,81,28664199,Dr. Michael Berumen Red Sea Research Center King Abdullah University of Science and Technology Thuwal 23955 Saudi Arabia,PRJNA294760,SAMN04151492,Model organism or animal,not collected,19109748,KING ABDULLAH UNIVERSITY OF SCIENCE AND TECHNOLOGY,Gerrit Nanninga,2010-10-30,public,not collected,"fastq,run.zq,sra","gs,ncbi,s3","gs.us-east1,ncbi.public,s3.us-east-1",Adult,not collected,SRX1309390,Saudi Arabia,Asia,Saudi Arabia: Yanbu,Illumina HiSeq 2000,not collected,24.15 N 37.675 E,site23_Amph_Yan18_ACACA-GATCAG,SINGLE,Restriction Digest,GENOMIC,Amphiprion bicinctus,ILLUMINA,2015-11-01T00:00:00Z,site23_Amph_Yan18_ACACA-GATCAG,106,tissue,not collected,SRP064543,Ethanol,not collected,fin/gill,2015-10-07T03:32:00Z,1,,24.15,37.675
SRR2568032,OTHER,81,55269864,Dr. Michael Berumen Red Sea Research Center King Abdullah University of Science and Technology Thuwal 23955 Saudi Arabia,PRJNA294760,SAMN04151493,Model organism or animal,not collected,36512292,KING ABDULLAH UNIVERSITY OF SCIENCE AND TECHNOLOGY,Gerrit Nanninga,2010-10-30,public,not collected,"fastq,run.zq,sra","gs,ncbi,s3","gs.us-east1,ncbi.public,s3.us-east-1",Adult,not collected,SRX1309391,Saudi Arabia,Asia,Saudi Arabia: Yanbu,Illumina HiSeq 2000,not collected,24.15 N 37.675 E,site23_Amph_Yan19_AACCA-TAGCTT,SINGLE,Restriction Digest,GENOMIC,Amphiprion bicinctus,ILLUMINA,2015-11-01T00:00:00Z,site23_Amph_Yan19_AACCA-TAGCTT,107,tissue,not collected,SRP064543,Ethanol,not collected,fin/gill,2015-10-07T03:32:00Z,1,,24.15,37.675
SRR2568033,OTHER,81,27955692,Dr. Michael Berumen Red Sea Research Center King Abdullah University of Science and Technology Thuwal 23955 Saudi Arabia,PRJNA294760,SAMN04151494,Model organism or animal,not collected,18696376,KING ABDULLAH UNIVERSITY OF SCIENCE AND TECHNOLOGY,Gerrit Nanninga,2010-10-30,public,not collected,"fastq,run.zq,sra","gs,ncbi,s3","gs.us-east1,ncbi.public,s3.us-east-1",Adult,not collected,SRX1309392,Saudi Arabia,Asia,Saudi Arabia: Yanbu,Illumina HiSeq 2000,not collected,24.15 N 37.675 E,site23_Amph_Yan20_AACCA-CTTGTA,SINGLE,Restriction Digest,GENOMIC,Amphiprion bicinctus,ILLUMINA,2015-11-01T00:00:00Z,site23_Amph_Yan20_AACCA-CTTGTA,108,tissue,not collected,SRP064543,Ethanol,not collected,fin/gill,2015-10-07T03:32:00Z,1,,24.15,37.675
SRR2568034,OTHER,81,25070796,Dr. Michael Berumen Red Sea Research Center King Abdullah University of Science and Technology Thuwal 23955 Saudi Arabia,PRJNA294760,SAMN04151495,Model organism or animal,not collected,16357059,KING ABDULLAH UNIVERSITY OF SCIENCE AND TECHNOLOGY,Gerrit Nanninga,2010-10-30,public,not collected,"fastq,run.zq,sra","gs,ncbi,s3","gs.us-east1,ncbi.public,s3.us-east-1",Adult,not collected,SRX1309393,Saudi Arabia,Asia,Saudi Arabia: Yanbu,Illumina HiSeq 2000,not collected,24.15 N 37.675 E,site23_Amph_Yan27_AACCA-ACTTGA,SINGLE,Restriction Digest,GENOMIC,Amphiprion bicinctus,ILLUMINA,2015-11-01T00:00:00Z,site23_Amph_Yan27_AACCA-ACTTGA,109,tissue,not collected,SRP064543,Ethanol,not collected,fin/gill,2015-10-07T03:32:00Z,1,,24.15,37.675
SRR2568035,OTHER,81,28268919,Dr. Michael Berumen Red Sea Research Center King Abdullah University of Science and Technology Thuwal 23955 Saudi Arabia,PRJNA294760,SAMN04151496,Model organism or animal,not collected,18890456,KING ABDULLAH UNIVERSITY OF SCIENCE AND TECHNOLOGY,Gerrit Nanninga,2010-10-30,public,not collected,"fastq,run.zq,sra","gs,ncbi,s3","gs.us-east1,ncbi.public,s3.us-east-1",Adult,not collected,SRX1309394,Saudi Arabia,Asia,Saudi Arabia: Yanbu,Illumina HiSeq 2000,not collected,24.15 N 37.675 E,site23_Amph_Yan32_ACACA-TAGCTT,SINGLE,Restriction Digest,GENOMIC,Amphiprion bicinctus,ILLUMINA,2015-11-01T00:00:00Z,site23_Amph_Yan32_ACACA-TAGCTT,110,tissue,not collected,SRP064543,Ethanol,not collected,fin/gill,2015-10-07T03:31:00Z,1,,24.15,37.675
SRR2568036,OTHER,81,97824753,Dr. Michael Berumen Red Sea Research Center King Abdullah University of Science and Technology Thuwal 23955 Saudi Arabia,PRJNA294760,SAMN04151400,Model organism or animal,not collected,60653123,KING ABDULLAH UNIVERSITY OF SCIENCE AND TECHNOLOGY,Gerrit Nanninga,2012-10-01,public,not collected,"fastq,run.zq,sra","gs,ncbi,s3","gs.us-east1,ncbi.public,s3.us-east-1",Adult,not collected,SRX1309395,Djibouti,Africa,Djibouti,Illumina HiSeq 2000,not collected,11.721 N 43.165 E,site06_Amph_Dij1602_ATGAG-ACTTGA,SINGLE,Restriction Digest,GENOMIC,Amphiprion bicinctus,ILLUMINA,2015-11-01T00:00:00Z,site06_Amph_Dij1602_ATGAG-ACTTGA,14,tissue,not collected,SRP064543,Ethanol,not collected,fin/gill,2015-10-07T03:32:00Z,1,,11.721,43.165
SRR2568037,OTHER,81,29151171,Dr. Michael Berumen Red Sea Research Center King Abdullah University of Science and Technology Thuwal 23955 Saudi Arabia,PRJNA294760,SAMN04151497,Model organism or animal,not collected,19282760,KING ABDULLAH UNIVERSITY OF SCIENCE AND TECHNOLOGY,Gerrit Nanninga,2010-10-30,public,not collected,"fastq,run.zq,sra","gs,ncbi,s3","gs.us-east1,ncbi.public,s3.us-east-1",Adult,not collected,SRX1309396,Saudi Arabia,Asia,Saudi Arabia: Yanbu,Illumina HiSeq 2000,not collected,24.15 N 37.675 E,site23_Amph_Yan33_AACCA-GGCTAC,SINGLE,Restriction Digest,GENOMIC,Amphiprion bicinctus,ILLUMINA,2015-11-01T00:00:00Z,site23_Amph_Yan33_AACCA-GGCTAC,111,tissue,not collected,SRP064543,Ethanol,not collected,fin/gill,2015-10-07T03:36:00Z,1,,24.15,37.675
SRR2568038,OTHER,81,57763449,Dr. Michael Berumen Red Sea Research Center King Abdullah University of Science and Technology Thuwal 23955 Saudi Arabia,PRJNA294760,SAMN04151498,Model organism or animal,not collected,38337881,KING ABDULLAH UNIVERSITY OF SCIENCE AND TECHNOLOGY,Gerrit Nanninga,2010-10-30,public,not collected,"fastq,run.zq,sra","gs,ncbi,s3","gs.us-east1,ncbi.public,s3.us-east-1",Adult,not collected,SRX1309397,Saudi Arabia,Asia,Saudi Arabia: Yanbu,Illumina HiSeq 2000,not collected,24.15 N 37.675 E,site23_Amph_Yan34_ACACA-GGCTAC,SINGLE,Restriction Digest,GENOMIC,Amphiprion bicinctus,ILLUMINA,2015-11-01T00:00:00Z,site23_Amph_Yan34_ACACA-GGCTAC,112,tissue,not collected,SRP064543,Ethanol,not collected,fin/gill,2015-10-07T03:36:00Z,1,,24.15,37.675
SRR2568039,OTHER,81,53589195,Dr. Michael Berumen Red Sea Research Center King Abdullah University of Science and Technology Thuwal 23955 Saudi Arabia,PRJNA294760,SAMN04151499,Model organism or animal,not collected,35947261,KING ABDULLAH UNIVERSITY OF SCIENCE AND TECHNOLOGY,Gerrit Nanninga,2010-10-30,public,not collected,"fastq,run.zq,sra","gs,ncbi,s3","gs.us-east1,ncbi.public,s3.us-east-1",Adult,not collected,SRX1309398,Saudi Arabia,Asia,Saudi Arabia: Yanbu,Illumina HiSeq 2000,not collected,24.15 N 37.675 E,site23_Amph_Yan36_ACACA-CTTGTA,SINGLE,Restriction Digest,GENOMIC,Amphiprion bicinctus,ILLUMINA,2015-11-01T00:00:00Z,site23_Amph_Yan36_ACACA-CTTGTA,113,tissue,not collected,SRP064543,Ethanol,not collected,fin/gill,2015-10-07T03:36:00Z,1,,24.15,37.675
SRR2568040,OTHER,81,131791374,Dr. Michael Berumen Red Sea Research Center King Abdullah University of Science and Technology Thuwal 23955 Saudi Arabia,PRJNA294760,SAMN04151401,Model organism or animal,not collected,82018754,KING ABDULLAH UNIVERSITY OF SCIENCE AND TECHNOLOGY,Gerrit Nanninga,2012-10-01,public,not collected,"fastq,run.zq,sra","gs,ncbi,s3","gs.us-east1,ncbi.public,s3.us-east-1",Adult,not collected,SRX1309399,Djibouti,Africa,Djibouti,Illumina HiSeq 2000,not collected,11.721 N 43.165 E,site06_Amph_Dij1604_AAGGA-GATCAG,SINGLE,Restriction Digest,GENOMIC,Amphiprion bicinctus,ILLUMINA,2015-11-01T00:00:00Z,site06_Amph_Dij1604_AAGGA-GATCAG,15,tissue,not collected,SRP064543,Ethanol,not collected,fin/gill,2015-10-07T03:36:00Z,1,,11.721,43.165
SRR2568041,OTHER,81,106777197,Dr. Michael Berumen Red Sea Research Center King Abdullah University of Science and Technology Thuwal 23955 Saudi Arabia,PRJNA294760,SAMN04151402,Model organism or animal,not collected,65395273,KING ABDULLAH UNIVERSITY OF SCIENCE AND TECHNOLOGY,Gerrit Nanninga,2012-10-01,public,not collected,"fastq,run.zq,sra","gs,ncbi,s3","gs.us-east1,ncbi.public,s3.us-east-1",Adult,not collected,SRX1309400,Djibouti,Africa,Djibouti,Illumina HiSeq 2000,not collected,11.721 N 43.165 E,site06_Amph_Dij1605_GCATG-CAGATC,SINGLE,Restriction Digest,GENOMIC,Amphiprion bicinctus,ILLUMINA,2015-11-01T00:00:00Z,site06_Amph_Dij1605_GCATG-CAGATC,16,tissue,not collected,SRP064543,Ethanol,not collected,fin/gill,2015-10-07T03:36:00Z,1,,11.721,43.165
SRR2568042,OTHER,81,35699778,Dr. Michael Berumen Red Sea Research Center King Abdullah University of Science and Technology Thuwal 23955 Saudi Arabia,PRJNA294760,SAMN04151403,Model organism or animal,not collected,21962665,KING ABDULLAH UNIVERSITY OF SCIENCE AND TECHNOLOGY,Gerrit Nanninga,2012-10-01,public,not collected,"fastq,run.zq,sra","gs,ncbi,s3","gs.us-east1,ncbi.public,s3.us-east-1",Adult,not collected,SRX1309401,Djibouti,Africa,Djibouti,Illumina HiSeq 2000,not collected,11.721 N 43.165 E,site06_Amph_Dij1610_GCATG-ACTTGA,SINGLE,Restriction Digest,GENOMIC,Amphiprion bicinctus,ILLUMINA,2015-11-01T00:00:00Z,site06_Amph_Dij1610_GCATG-ACTTGA,17,tissue,not collected,SRP064543,Ethanol,not collected,fin/gill,2015-10-07T03:36:00Z,1,,11.721,43.165
SRR2568043,OTHER,81,21774258,Dr. Michael Berumen Red Sea Research Center King Abdullah University of Science and Technology Thuwal 23955 Saudi Arabia,PRJNA294760,SAMN04151404,Model organism or animal,not collected,14034307,KING ABDULLAH UNIVERSITY OF SCIENCE AND TECHNOLOGY,Gerrit Nanninga,2012-10-01,public,not collected,"fastq,run.zq,sra","gs,ncbi,s3","gs.us-east1,ncbi.public,s3.us-east-1",Adult,not collected,SRX1309402,Djibouti,Africa,Djibouti,Illumina HiSeq 2000,not collected,11.721 N 43.165 E,site06_Amph_Dij1614_AGCTA-ACTTGA,SINGLE,Restriction Digest,GENOMIC,Amphiprion bicinctus,ILLUMINA,2015-11-01T00:00:00Z,site06_Amph_Dij1614_AGCTA-ACTTGA,18,tissue,not collected,SRP064543,Ethanol,not collected,fin/gill,2015-10-07T03:36:00Z,1,,11.721,43.165
SRR2568044,OTHER,81,81993870,Dr. Michael Berumen Red Sea Research Center King Abdullah University of Science and Technology Thuwal 23955 Saudi Arabia,PRJNA294760,SAMN04151405,Model organism or animal,not collected,52494021,KING ABDULLAH UNIVERSITY OF SCIENCE AND TECHNOLOGY,Gerrit Nanninga,2012-10-01,public,not collected,"fastq,run.zq,sra","gs,ncbi,s3","gs.us-east1,ncbi.public,s3.us-east-1",Adult,not collected,SRX1309403,Djibouti,Africa,Djibouti,Illumina HiSeq 2000,not collected,11.721 N 43.165 E,site06_Amph_Dij1721_AGCTA-CAGATC,SINGLE,Restriction Digest,GENOMIC,Amphiprion bicinctus,ILLUMINA,2015-11-01T00:00:00Z,site06_Amph_Dij1721_AGCTA-CAGATC,19,tissue,not collected,SRP064543,Ethanol,not collected,fin/gill,2015-10-07T03:36:00Z,1,,11.721,43.165
SRR2568045,OTHER,81,43051500,Dr. Michael Berumen Red Sea Research Center King Abdullah University of Science and Technology Thuwal 23955 Saudi Arabia,PRJNA294760,SAMN04151406,Model organism or animal,not collected,27087033,KING ABDULLAH UNIVERSITY OF SCIENCE AND TECHNOLOGY,Gerrit Nanninga,2010-11-06,public,not collected,"fastq,run.zq,sra","gs,ncbi,s3","gs.us-east1,ncbi.public,s3.us-east-1",Adult,not collected,SRX1309404,Saudi Arabia,Asia,Saudi Arabia: Farasan,Illumina HiSeq 2000,not collected,16.618 N 41.938 E,site08_Amph_FarC1_CAACC-CAGATC,SINGLE,Restriction Digest,GENOMIC,Amphiprion bicinctus,ILLUMINA,2015-11-01T00:00:00Z,site08_Amph_FarC1_CAACC-CAGATC,20,tissue,not collected,SRP064543,Ethanol,not collected,fin/gill,2015-10-07T03:36:00Z,1,,16.618,41.938
SRR2568046,OTHER,81,72303597,Dr. Michael Berumen Red Sea Research Center King Abdullah University of Science and Technology Thuwal 23955 Saudi Arabia,PRJNA294760,SAMN04151407,Model organism or animal,not collected,48101863,KING ABDULLAH UNIVERSITY OF SCIENCE AND TECHNOLOGY,Gerrit Nanninga,2010-11-06,public,not collected,"fastq,run.zq,sra","gs,ncbi,s3","gs.us-east1,ncbi.public,s3.us-east-1",Adult,not collected,SRX1309405,Saudi Arabia,Asia,Saudi Arabia: Farasan,Illumina HiSeq 2000,not collected,16.618 N 41.938 E,site08_Amph_FarC11_CAACC-CTTGTA,SINGLE,Restriction Digest,GENOMIC,Amphiprion bicinctus,ILLUMINA,2015-11-01T00:00:00Z,site08_Amph_FarC11_CAACC-CTTGTA,21,tissue,not collected,SRP064543,Ethanol,not collected,fin/gill,2015-10-07T03:36:00Z,1,,16.618,41.938
SRR2568047,OTHER,81,88081020,Dr. Michael Berumen Red Sea Research Center King Abdullah University of Science and Technology Thuwal 23955 Saudi Arabia,PRJNA294760,SAMN04151408,Model organism or animal,not collected,58571381,KING ABDULLAH UNIVERSITY OF SCIENCE AND TECHNOLOGY,Gerrit Nanninga,2010-11-06,public,not collected,"fastq,run.zq,sra","gs,ncbi,s3","gs.us-east1,ncbi.public,s3.us-east-1",Adult,not collected,SRX1309406,Saudi Arabia,Asia,Saudi Arabia: Farasan,Illumina HiSeq 2000,not collected,16.618 N 41.938 E,site08_Amph_FarC12_ACTTC-CTTGTA,SINGLE,Restriction Digest,GENOMIC,Amphiprion bicinctus,ILLUMINA,2015-11-01T00:00:00Z,site08_Amph_FarC12_ACTTC-CTTGTA,22,tissue,not collected,SRP064543,Ethanol,not collected,fin/gill,2015-10-07T03:36:00Z,1,,16.618,41.938
SRR2568048,OTHER,81,35903169,Dr. Michael Berumen Red Sea Research Center King Abdullah University of Science and Technology Thuwal 23955 Saudi Arabia,PRJNA294760,SAMN04151389,Model organism or animal,not collected,29059145,KING ABDULLAH UNIVERSITY OF SCIENCE AND TECHNOLOGY,Hugo Harrison,2007-01-01,public,not collected,"fastq,run.zq,sra","gs,ncbi,s3","gs.us-east1,ncbi.public,s3.us-east-1",Adult,not collected,SRX1309407,Oman,Asia,Oman,Illumina HiSeq 2000,not collected,16.969 N 55.085 E,omanensis_ACAGTC_GCATG,SINGLE,Restriction Digest,GENOMIC,Amphiprion omanensis,ILLUMINA,2015-11-01T00:00:00Z,omanensis_ACAGTC-GCATG,3,tissue,not collected,SRP064543,Ethanol,not collected,fin/gill,2015-10-07T16:39:00Z,1,,16.969,55.085
SRR2568049,OTHER,81,61412985,Dr. Michael Berumen Red Sea Research Center King Abdullah University of Science and Technology Thuwal 23955 Saudi Arabia,PRJNA294760,SAMN04151409,Model organism or animal,not collected,38628403,KING ABDULLAH UNIVERSITY OF SCIENCE AND TECHNOLOGY,Gerrit Nanninga,2010-11-06,public,not collected,"fastq,run.zq","gs,ncbi,s3","gs.us-east1,ncbi.public,s3.us-east-1",Adult,not collected,SRX1309408,Saudi Arabia,Asia,Saudi Arabia: Farasan,Illumina HiSeq 2000,not collected,16.618 N 41.938 E,site08_Amph_FarC2_ACTTC-CAGATC,SINGLE,Restriction Digest,GENOMIC,Amphiprion bicinctus,ILLUMINA,2015-11-01T00:00:00Z,site08_Amph_FarC2_ACTTC-CAGATC,23,tissue,not collected,SRP064543,Ethanol,not collected,fin/gill,,,,16.618,41.938
SRR2568050,OTHER,81,94615290,Dr. Michael Berumen Red Sea Research Center King Abdullah University of Science and Technology Thuwal 23955 Saudi Arabia,PRJNA294760,SAMN04151410,Model organism or animal,not collected,61167240,KING ABDULLAH UNIVERSITY OF SCIENCE AND TECHNOLOGY,Gerrit Nanninga,2010-11-06,public,not collected,"fastq,run.zq,sra","gs,ncbi,s3","gs.us-east1,ncbi.public,s3.us-east-1",Adult,not collected,SRX1309409,Saudi Arabia,Asia,Saudi Arabia: Farasan,Illumina HiSeq 2000,not collected,16.618 N 41.938 E,site08_Amph_FarC4_ACTTC-ACTTGA,SINGLE,Restriction Digest,GENOMIC,Amphiprion bicinctus,ILLUMINA,2015-11-01T00:00:00Z,site08_Amph_FarC4_ACTTC-ACTTGA,24,tissue,not collected,SRP064543,Ethanol,not collected,fin/gill,2015-10-07T03:36:00Z,1,,16.618,41.938
SRR2568051,OTHER,81,95200839,Dr. Michael Berumen Red Sea Research Center King Abdullah University of Science and Technology Thuwal 23955 Saudi Arabia,PRJNA294760,SAMN04151411,Model organism or animal,not collected,62799795,KING ABDULLAH UNIVERSITY OF SCIENCE AND TECHNOLOGY,Gerrit Nanninga,2010-11-06,public,not collected,"fastq,run.zq,sra","gs,ncbi,s3","gs.us-east1,ncbi.public,s3.us-east-1",Adult,not collected,SRX1309410,Saudi Arabia,Asia,Saudi Arabia: Farasan,Illumina HiSeq 2000,not collected,16.618 N 41.938 E,site08_Amph_FarC5_CAACC-GATCAG,SINGLE,Restriction Digest,GENOMIC,Amphiprion bicinctus,ILLUMINA,2015-11-01T00:00:00Z,site08_Amph_FarC5_CAACC-GATCAG,25,tissue,not collected,SRP064543,Ethanol,not collected,fin/gill,2015-10-07T03:36:00Z,1,,16.618,41.938
SRR2568052,OTHER,81,63093897,Dr. Michael Berumen Red Sea Research Center King Abdullah University of Science and Technology Thuwal 23955 Saudi Arabia,PRJNA294760,SAMN04151412,Model organism or animal,not collected,41738282,KING ABDULLAH UNIVERSITY OF SCIENCE AND TECHNOLOGY,Gerrit Nanninga,2010-11-06,public,not collected,"fastq,run.zq,sra","gs,ncbi,s3","gs.us-east1,ncbi.public,s3.us-east-1",Adult,not collected,SRX1309411,Saudi Arabia,Asia,Saudi Arabia: Farasan,Illumina HiSeq 2000,not collected,16.618 N 41.938 E,site08_Amph_FarC7_CAACC-TAGCTT,SINGLE,Restriction Digest,GENOMIC,Amphiprion bicinctus,ILLUMINA,2015-11-01T00:00:00Z,site08_Amph_FarC7_CAACC-TAGCTT,26,tissue,not collected,SRP064543,Ethanol,not collected,fin/gill,2015-10-07T03:36:00Z,1,,16.618,41.938
SRR2568053,OTHER,81,114728238,Dr. Michael Berumen Red Sea Research Center King Abdullah University of Science and Technology Thuwal 23955 Saudi Arabia,PRJNA294760,SAMN04151413,Model organism or animal,not collected,75852870,KING ABDULLAH UNIVERSITY OF SCIENCE AND TECHNOLOGY,Gerrit Nanninga,2010-11-06,public,not collected,"fastq,run.zq,sra","gs,ncbi,s3","gs.us-east1,ncbi.public,s3.us-east-1",Adult,not collected,SRX1309412,Saudi Arabia,Asia,Saudi Arabia: Farasan,Illumina HiSeq 2000,not collected,16.618 N 41.938 E,site08_Amph_FarC8_ACTTC-TAGCTT,SINGLE,Restriction Digest,GENOMIC,Amphiprion bicinctus,ILLUMINA,2015-11-01T00:00:00Z,site08_Amph_FarC8_ACTTC-TAGCTT,27,tissue,not collected,SRP064543,Ethanol,not collected,fin/gill,2015-10-07T03:38:00Z,1,,16.618,41.938
SRR2568054,OTHER,81,55671705,Dr. Michael Berumen Red Sea Research Center King Abdullah University of Science and Technology Thuwal 23955 Saudi Arabia,PRJNA294760,SAMN04151414,Model organism or animal,not collected,32958818,KING ABDULLAH UNIVERSITY OF SCIENCE AND TECHNOLOGY,"Joseph DiBattista\, Michael Berumen\, Tane Sinclair-Taylor\, Brian Bowen\, Luiz Rocha\, Mark Priest\, and JP Hobbs",2013-09-29,public,not collected,"fastq,run.zq,sra","gs,ncbi,s3","gs.us-east1,ncbi.public,s3.us-east-1",Adult,not collected,SRX1309413,Saudi Arabia,Asia,Saudi Arabia: Aqaba,Illumina HiSeq 2000,not collected,28.404 N 34.741 E,site09_Amph_rs5265_GGTTG-CAGATC,SINGLE,Restriction Digest,GENOMIC,Amphiprion bicinctus,ILLUMINA,2015-11-01T00:00:00Z,site09_Amph_rs5265_GGTTG-CAGATC,28,tissue,not collected,SRP064543,Ethanol,not collected,fin/gill,2015-10-07T03:38:00Z,1,CAS236772,28.404,34.741
SRR2568055,OTHER,81,100627677,Dr. Michael Berumen Red Sea Research Center King Abdullah University of Science and Technology Thuwal 23955 Saudi Arabia,PRJNA294760,SAMN04151415,Model organism or animal,not collected,62963117,KING ABDULLAH UNIVERSITY OF SCIENCE AND TECHNOLOGY,"Joseph DiBattista\, Michael Berumen\, Tane Sinclair-Taylor\, Brian Bowen\, Luiz Rocha\, Mark Priest\, and JP Hobbs",2013-09-30,public,not collected,"fastq,run.zq,sra","gs,ncbi,s3","gs.us-east1,ncbi.public,s3.us-east-1",Adult,not collected,SRX1309414,Saudi Arabia,Asia,Saudi Arabia: Aqaba,Illumina HiSeq 2000,not collected,28.404 N 34.741 E,site09_Amph_RS5420_ATACG-CAGATC,SINGLE,Restriction Digest,GENOMIC,Amphiprion bicinctus,ILLUMINA,2015-11-01T00:00:00Z,site09_Amph_RS5420_ATACG-CAGATC,29,tissue,not collected,SRP064543,Ethanol,not collected,fin/gill,2015-10-07T03:38:00Z,1,,28.404,34.741
SRR2568056,OTHER,81,63156996,Dr. Michael Berumen Red Sea Research Center King Abdullah University of Science and Technology Thuwal 23955 Saudi Arabia,PRJNA294760,SAMN04151416,Model organism or animal,not collected,38131826,KING ABDULLAH UNIVERSITY OF SCIENCE AND TECHNOLOGY,"Joseph DiBattista\, Michael Berumen\, Tane Sinclair-Taylor\, Brian Bowen\, Luiz Rocha\, Mark Priest\, and JP Hobbs",2013-09-30,public,not collected,"fastq,run.zq,sra","gs,ncbi,s3","gs.us-east1,ncbi.public,s3.us-east-1",Adult,not collected,SRX1309415,Saudi Arabia,Asia,Saudi Arabia: Aqaba,Illumina HiSeq 2000,not collected,28.404 N 34.741 E,site09_Amph_RS5421_GGTTG-ACTTGA,SINGLE,Restriction Digest,GENOMIC,Amphiprion bicinctus,ILLUMINA,2015-11-01T00:00:00Z,site09_Amph_RS5421_GGTTG-ACTTGA,30,tissue,not collected,SRP064543,Ethanol,not collected,fin/gill,2015-10-07T03:38:00Z,1,,28.404,34.741
SRR2568057,OTHER,81,178493463,Dr. Michael Berumen Red Sea Research Center King Abdullah University of Science and Technology Thuwal 23955 Saudi Arabia,PRJNA294760,SAMN04151417,Model organism or animal,not collected,115125491,KING ABDULLAH UNIVERSITY OF SCIENCE AND TECHNOLOGY,"Joseph DiBattista\, Michael Berumen\, Tane Sinclair-Taylor\, Brian Bowen\, Luiz Rocha\, Mark Priest\, and JP Hobbs",2013-09-30,public,not collected,"fastq,run.zq,sra","gs,ncbi,s3","gs.us-east1,ncbi.public,s3.us-east-1",Adult,not collected,SRX1309416,Saudi Arabia,Asia,Saudi Arabia: Aqaba,Illumina HiSeq 2000,not collected,28.404 N 34.741 E,site09_Amph_RS5422_ATACG-ACTTGA,SINGLE,Restriction Digest,GENOMIC,Amphiprion bicinctus,ILLUMINA,2015-11-01T00:00:00Z,site09_Amph_RS5422_ATACG-ACTTGA,31,tissue,not collected,SRP064543,Ethanol,not collected,fin/gill,2015-10-07T03:38:00Z,1,,28.404,34.741
SRR2568058,OTHER,81,93130398,Dr. Michael Berumen Red Sea Research Center King Abdullah University of Science and Technology Thuwal 23955 Saudi Arabia,PRJNA294760,SAMN04151418,Model organism or animal,not collected,57868006,KING ABDULLAH UNIVERSITY OF SCIENCE AND TECHNOLOGY,"Joseph DiBattista\, Michael Berumen\, Tane Sinclair-Taylor\, Brian Bowen\, Luiz Rocha\, Mark Priest\, and JP Hobbs",2013-09-30,public,not collected,"fastq,run.zq,sra","gs,ncbi,s3","gs.us-east1,ncbi.public,s3.us-east-1",Adult,not collected,SRX1309417,Saudi Arabia,Asia,Saudi Arabia: Aqaba,Illumina HiSeq 2000,not collected,28.404 N 34.741 E,site09_Amph_RS5423_GGTTG-GATCAG,SINGLE,Restriction Digest,GENOMIC,Amphiprion bicinctus,ILLUMINA,2015-11-01T00:00:00Z,site09_Amph_RS5423_GGTTG-GATCAG,32,tissue,not collected,SRP064543,Ethanol,not collected,fin/gill,2015-10-07T03:38:00Z,1,,28.404,34.741
SRR2568059,OTHER,81,37253439,Dr. Michael Berumen Red Sea Research Center King Abdullah University of Science and Technology Thuwal 23955 Saudi Arabia,PRJNA294760,SAMN04151390,Model organism or animal,not collected,29091932,KING ABDULLAH UNIVERSITY OF SCIENCE AND TECHNOLOGY,Hugo Harrison,2007-01-01,public,not collected,"fastq,run.zq,sra","gs,ncbi,s3","gs.us-east1,ncbi.public,s3.us-east-1",Adult,not collected,SRX1309418,Oman,Asia,Oman,Illumina HiSeq 2000,not collected,16.969 N 55.085 E,omanensis_ACAGTC_GGTTG,SINGLE,Restriction Digest,GENOMIC,Amphiprion omanensis,ILLUMINA,2015-11-01T00:00:00Z,omanensis_ACAGTC-GGTTG,4,tissue,not collected,SRP064543,Ethanol,not collected,fin/gill,2015-10-07T16:39:00Z,1,,16.969,55.085
SRR2568060,OTHER,81,66652551,Dr. Michael Berumen Red Sea Research Center King Abdullah University of Science and Technology Thuwal 23955 Saudi Arabia,PRJNA294760,SAMN04151419,Model organism or animal,not collected,41553111,KING ABDULLAH UNIVERSITY OF SCIENCE AND TECHNOLOGY,"Joseph DiBattista\, Michael Berumen\, Tane Sinclair-Taylor\, Brian Bowen\, Luiz Rocha\, Mark Priest\, and JP Hobbs",2013-09-30,public,not collected,"fastq,run.zq,sra","gs,ncbi,s3","gs.us-east1,ncbi.public,s3.us-east-1",Adult,not collected,SRX1309419,Saudi Arabia,Asia,Saudi Arabia: Aqaba,Illumina HiSeq 2000,not collected,28.404 N 34.741 E,site09_Amph_RS5431_GGTTG-TAGCTT,SINGLE,Restriction Digest,GENOMIC,Amphiprion bicinctus,ILLUMINA,2015-11-01T00:00:00Z,site09_Amph_RS5431_GGTTG-TAGCTT,33,tissue,not collected,SRP064543,Ethanol,not collected,fin/gill,2015-10-07T03:37:00Z,1,,28.404,34.741
SRR2568061,OTHER,81,201631518,Dr. Michael Berumen Red Sea Research Center King Abdullah University of Science and Technology Thuwal 23955 Saudi Arabia,PRJNA294760,SAMN04151420,Model organism or animal,not collected,132784434,KING ABDULLAH UNIVERSITY OF SCIENCE AND TECHNOLOGY,"Joseph DiBattista\, Michael Berumen\, Tane Sinclair-Taylor\, Brian Bowen\, Luiz Rocha\, Mark Priest\, and JP Hobbs",2013-09-30,public,not collected,"fastq,run.zq,sra","gs,ncbi,s3","gs.us-east1,ncbi.public,s3.us-east-1",Adult,not collected,SRX1309420,Saudi Arabia,Asia,Saudi Arabia: Aqaba,Illumina HiSeq 2000,not collected,28.404 N 34.741 E,site09_Amph_RS5432_ATACG-TAGCTT,SINGLE,Restriction Digest,GENOMIC,Amphiprion bicinctus,ILLUMINA,2015-11-01T00:00:00Z,site09_Amph_RS5432_ATACG-TAGCTT,34,tissue,not collected,SRP064543,Ethanol,not collected,fin/gill,2015-10-07T03:38:00Z,1,,28.404,34.741
SRR2568062,OTHER,81,64035765,Dr. Michael Berumen Red Sea Research Center King Abdullah University of Science and Technology Thuwal 23955 Saudi Arabia,PRJNA294760,SAMN04151421,Model organism or animal,not collected,39803177,KING ABDULLAH UNIVERSITY OF SCIENCE AND TECHNOLOGY,"Joseph DiBattista\, Michael Berumen\, Tane Sinclair-Taylor\, Brian Bowen\, Luiz Rocha\, Mark Priest\, and JP Hobbs",2013-09-30,public,not collected,"fastq,run.zq,sra","gs,ncbi,s3","gs.us-east1,ncbi.public,s3.us-east-1",Adult,not collected,SRX1309421,Saudi Arabia,Asia,Saudi Arabia: Aqaba,Illumina HiSeq 2000,not collected,28.404 N 34.741 E,site09_Amph_RS5433_GGTTG-GGCTAC,SINGLE,Restriction Digest,GENOMIC,Amphiprion bicinctus,ILLUMINA,2015-11-01T00:00:00Z,site09_Amph_RS5433_GGTTG-GGCTAC,35,tissue,not collected,SRP064543,Ethanol,not collected,fin/gill,2015-10-07T03:37:00Z,1,,28.404,34.741
SRR2568063,OTHER,81,218776950,Dr. Michael Berumen Red Sea Research Center King Abdullah University of Science and Technology Thuwal 23955 Saudi Arabia,PRJNA294760,SAMN04151422,Model organism or animal,not collected,143892669,KING ABDULLAH UNIVERSITY OF SCIENCE AND TECHNOLOGY,"Joseph DiBattista\, Michael Berumen\, Tane Sinclair-Taylor\, Brian Bowen\, Luiz Rocha\, Mark Priest\, and JP Hobbs",2013-09-30,public,not collected,"fastq,run.zq,sra","gs,ncbi,s3","gs.us-east1,ncbi.public,s3.us-east-1",Adult,not collected,SRX1309422,Saudi Arabia,Asia,Saudi Arabia: Aqaba,Illumina HiSeq 2000,not collected,28.404 N 34.741 E,site09_Amph_RS5434_ATACG-GGCTAC,SINGLE,Restriction Digest,GENOMIC,Amphiprion bicinctus,ILLUMINA,2015-11-01T00:00:00Z,site09_Amph_RS5434_ATACG-GGCTAC,36,tissue,not collected,SRP064543,Ethanol,not collected,fin/gill,2015-10-07T03:42:00Z,1,,28.404,34.741
SRR2568064,OTHER,81,71988264,Dr. Michael Berumen Red Sea Research Center King Abdullah University of Science and Technology Thuwal 23955 Saudi Arabia,PRJNA294760,SAMN04151423,Model organism or animal,not collected,45012168,KING ABDULLAH UNIVERSITY OF SCIENCE AND TECHNOLOGY,"Joseph DiBattista\, Michael Berumen\, Tane Sinclair-Taylor\, Brian Bowen\, Luiz Rocha\, Mark Priest\, and JP Hobbs",2013-09-30,public,not collected,"fastq,run.zq,sra","gs,ncbi,s3","gs.us-east1,ncbi.public,s3.us-east-1",Adult,not collected,SRX1309423,Saudi Arabia,Asia,Saudi Arabia: Aqaba,Illumina HiSeq 2000,not collected,28.404 N 34.741 E,site09_Amph_RS5435_GGTTG-CTTGTA,SINGLE,Restriction Digest,GENOMIC,Amphiprion bicinctus,ILLUMINA,2015-11-01T00:00:00Z,site09_Amph_RS5435_GGTTG-CTTGTA,37,tissue,not collected,SRP064543,Ethanol,not collected,fin/gill,2015-10-07T03:41:00Z,1,,28.404,34.741
SRR2568065,OTHER,81,40874544,Dr. Michael Berumen Red Sea Research Center King Abdullah University of Science and Technology Thuwal 23955 Saudi Arabia,PRJNA294760,SAMN04151424,Model organism or animal,not collected,27085336,KING ABDULLAH UNIVERSITY OF SCIENCE AND TECHNOLOGY,Joseph DiBattista,2013-10-01,public,not collected,"fastq,run.zq,sra","gs,ncbi,s3","gs.us-east1,ncbi.public,s3.us-east-1",Adult,not collected,SRX1309424,Saudi Arabia,Asia,Saudi Arabia: Aqaba,Illumina HiSeq 2000,not collected,28.404 N 34.741 E,site09_Amph_RS5643_ATACG-GATCAG,SINGLE,Restriction Digest,GENOMIC,Amphiprion bicinctus,ILLUMINA,2015-11-01T00:00:00Z,site09_Amph_RS5643_ATACG-GATCAG,38,tissue,not collected,SRP064543,Ethanol,not collected,fin/gill,2015-10-07T03:41:00Z,1,,28.404,34.741
SRR2568066,OTHER,81,66362571,Dr. Michael Berumen Red Sea Research Center King Abdullah University of Science and Technology Thuwal 23955 Saudi Arabia,PRJNA294760,SAMN04151425,Model organism or animal,not collected,44232662,KING ABDULLAH UNIVERSITY OF SCIENCE AND TECHNOLOGY,Joseph DiBattista,2013-10-01,public,not collected,"fastq,run.zq,sra","gs,ncbi,s3","gs.us-east1,ncbi.public,s3.us-east-1",Adult,not collected,SRX1309425,Saudi Arabia,Asia,Saudi Arabia: Aqaba,Illumina HiSeq 2000,not collected,28.404 N 34.741 E,site09_Amph_RS5644_ATACG-CTTGTA,SINGLE,Restriction Digest,GENOMIC,Amphiprion bicinctus,ILLUMINA,2015-11-01T00:00:00Z,site09_Amph_RS5644_ATACG-CTTGTA,39,tissue,not collected,SRP064543,Ethanol,not collected,fin/gill,2015-10-07T03:41:00Z,1,,28.404,34.741
SRR2568067,OTHER,81,86086719,Dr. Michael Berumen Red Sea Research Center King Abdullah University of Science and Technology Thuwal 23955 Saudi Arabia,PRJNA294760,SAMN04151426,Model organism or animal,not collected,52639618,KING ABDULLAH UNIVERSITY OF SCIENCE AND TECHNOLOGY,Gerrit Nanninga,2011-08-09,public,not collected,"fastq,run.zq,sra","gs,ncbi,s3","gs.us-east1,ncbi.public,s3.us-east-1",Adult,not collected,SRX1309426,Saudi Arabia,Asia,Saudi Arabia: Burcan,Illumina HiSeq 2000,not collected,27.91 N 35.065 E,site10_Amph_Bur10_GCATG-CAGATC,SINGLE,Restriction Digest,GENOMIC,Amphiprion bicinctus,ILLUMINA,2015-11-01T00:00:00Z,site10_Amph_Bur10_GCATG-CAGATC,40,tissue,not collected,SRP064543,Ethanol,not collected,fin/gill,2015-10-07T03:41:00Z,1,,27.91,35.065
SRR2568068,OTHER,81,45958590,Dr. Michael Berumen Red Sea Research Center King Abdullah University of Science and Technology Thuwal 23955 Saudi Arabia,PRJNA294760,SAMN04151427,Model organism or animal,not collected,28809873,KING ABDULLAH UNIVERSITY OF SCIENCE AND TECHNOLOGY,Gerrit Nanninga,2011-08-09,public,not collected,"fastq,run.zq,sra","gs,ncbi,s3","gs.us-east1,ncbi.public,s3.us-east-1",Adult,not collected,SRX1309427,Saudi Arabia,Asia,Saudi Arabia: Burcan,Illumina HiSeq 2000,not collected,27.91 N 35.065 E,site10_Amph_Bur11_AGCTA-CAGATC,SINGLE,Restriction Digest,GENOMIC,Amphiprion bicinctus,ILLUMINA,2015-11-01T00:00:00Z,site10_Amph_Bur11_AGCTA-CAGATC,41,tissue,not collected,SRP064543,Ethanol,not collected,fin/gill,2015-10-07T03:41:00Z,1,,27.91,35.065
SRR2568069,OTHER,81,78355107,Dr. Michael Berumen Red Sea Research Center King Abdullah University of Science and Technology Thuwal 23955 Saudi Arabia,PRJNA294760,SAMN04151428,Model organism or animal,not collected,49192380,KING ABDULLAH UNIVERSITY OF SCIENCE AND TECHNOLOGY,Gerrit Nanninga,2011-08-09,public,not collected,"fastq,run.zq,sra","gs,ncbi,s3","gs.us-east1,ncbi.public,s3.us-east-1",Adult,not collected,SRX1309428,Saudi Arabia,Asia,Saudi Arabia: Burcan,Illumina HiSeq 2000,not collected,27.91 N 35.065 E,site10_Amph_Bur12_GCATG-ACTTGA,SINGLE,Restriction Digest,GENOMIC,Amphiprion bicinctus,ILLUMINA,2015-11-01T00:00:00Z,site10_Amph_Bur12_GCATG-ACTTGA,42,tissue,not collected,SRP064543,Ethanol,not collected,fin/gill,2015-10-07T03:40:00Z,1,,27.91,35.065
SRR2568070,OTHER,81,37033119,Dr. Michael Berumen Red Sea Research Center King Abdullah University of Science and Technology Thuwal 23955 Saudi Arabia,PRJNA294760,SAMN04151391,Model organism or animal,not collected,31966447,KING ABDULLAH UNIVERSITY OF SCIENCE AND TECHNOLOGY,Hugo Harrison,2007-01-01,public,not collected,"fastq,run.zq,sra","gs,ncbi,s3","gs.us-east1,ncbi.public,s3.us-east-1",Adult,not collected,SRX1309429,Oman,Asia,Oman,Illumina HiSeq 2000,not collected,16.969 N 55.085 E,omanensis_TGACCA_ACTGG,SINGLE,Restriction Digest,GENOMIC,Amphiprion omanensis,ILLUMINA,2015-11-01T00:00:00Z,omanensis_TGACCA-ACTGG,5,tissue,not collected,SRP064543,Ethanol,not collected,fin/gill,2015-10-07T16:39:00Z,1,,16.969,55.085
SRR2568071,OTHER,81,48796911,Dr. Michael Berumen Red Sea Research Center King Abdullah University of Science and Technology Thuwal 23955 Saudi Arabia,PRJNA294760,SAMN04151429,Model organism or animal,not collected,31533045,KING ABDULLAH UNIVERSITY OF SCIENCE AND TECHNOLOGY,Gerrit Nanninga,2011-08-09,public,not collected,"fastq,run.zq,sra","gs,ncbi,s3","gs.us-east1,ncbi.public,s3.us-east-1",Adult,not collected,SRX1309430,Saudi Arabia,Asia,Saudi Arabia: Burcan,Illumina HiSeq 2000,not collected,27.91 N 35.065 E,site10_Amph_Bur13_AGCTA-ACTTGA,SINGLE,Restriction Digest,GENOMIC,Amphiprion bicinctus,ILLUMINA,2015-11-01T00:00:00Z,site10_Amph_Bur13_AGCTA-ACTTGA,43,tissue,not collected,SRP064543,Ethanol,not collected,fin/gill,2015-10-07T03:40:00Z,1,,27.91,35.065
SRR2568072,OTHER,81,106511598,Dr. Michael Berumen Red Sea Research Center King Abdullah University of Science and Technology Thuwal 23955 Saudi Arabia,PRJNA294760,SAMN04151430,Model organism or animal,not collected,67532330,KING ABDULLAH UNIVERSITY OF SCIENCE AND TECHNOLOGY,Gerrit Nanninga,2011-08-09,public,not collected,"fastq,run.zq,sra","gs,ncbi,s3","gs.us-east1,ncbi.public,s3.us-east-1",Adult,not collected,SRX1309431,Saudi Arabia,Asia,Saudi Arabia: Burcan,Illumina HiSeq 2000,not collected,27.91 N 35.065 E,site10_Amph_Bur14_GCATG-GATCAG,SINGLE,Restriction Digest,GENOMIC,Amphiprion bicinctus,ILLUMINA,2015-11-01T00:00:00Z,site10_Amph_Bur14_GCATG-GATCAG,44,tissue,not collected,SRP064543,Ethanol,not collected,fin/gill,2015-10-07T03:40:00Z,1,,27.91,35.065
SRR2568073,OTHER,81,108013824,Dr. Michael Berumen Red Sea Research Center King Abdullah University of Science and Technology Thuwal 23955 Saudi Arabia,PRJNA294760,SAMN04151431,Model organism or animal,not collected,71925954,KING ABDULLAH UNIVERSITY OF SCIENCE AND TECHNOLOGY,Gerrit Nanninga,2011-08-09,public,not collected,"fastq,run.zq,sra","gs,ncbi,s3","gs.us-east1,ncbi.public,s3.us-east-1",Adult,not collected,SRX1309432,Saudi Arabia,Asia,Saudi Arabia: Burcan,Illumina HiSeq 2000,not collected,27.91 N 35.065 E,site10_Amph_Bur15_AGCTA-GATCAG,SINGLE,Restriction Digest,GENOMIC,Amphiprion bicinctus,ILLUMINA,2015-11-01T00:00:00Z,site10_Amph_Bur15_AGCTA-GATCAG,45,tissue,not collected,SRP064543,Ethanol,not collected,fin/gill,2015-10-07T03:41:00Z,1,,27.91,35.065
SRR2568074,OTHER,81,147304737,Dr. Michael Berumen Red Sea Research Center King Abdullah University of Science and Technology Thuwal 23955 Saudi Arabia,PRJNA294760,SAMN04151432,Model organism or animal,not collected,93472829,KING ABDULLAH UNIVERSITY OF SCIENCE AND TECHNOLOGY,Gerrit Nanninga,2011-08-09,public,not collected,"fastq,run.zq,sra","gs,ncbi,s3","gs.us-east1,ncbi.public,s3.us-east-1",Adult,not collected,SRX1309433,Saudi Arabia,Asia,Saudi Arabia: Burcan,Illumina HiSeq 2000,not collected,27.91 N 35.065 E,site10_Amph_Bur16_GCATG-TAGCTT,SINGLE,Restriction Digest,GENOMIC,Amphiprion bicinctus,ILLUMINA,2015-11-01T00:00:00Z,site10_Amph_Bur16_GCATG-TAGCTT,46,tissue,not collected,SRP064543,Ethanol,not collected,fin/gill,2015-10-07T03:44:00Z,1,,27.91,35.065
SRR2568075,OTHER,81,80696898,Dr. Michael Berumen Red Sea Research Center King Abdullah University of Science and Technology Thuwal 23955 Saudi Arabia,PRJNA294760,SAMN04151433,Model organism or animal,not collected,53874499,KING ABDULLAH UNIVERSITY OF SCIENCE AND TECHNOLOGY,Gerrit Nanninga,2011-08-09,public,not collected,"fastq,run.zq,sra","gs,ncbi,s3","gs.us-east1,ncbi.public,s3.us-east-1",Adult,not collected,SRX1309434,Saudi Arabia,Asia,Saudi Arabia: Burcan,Illumina HiSeq 2000,not collected,27.91 N 35.065 E,site10_Amph_Bur17_AGCTA-TAGCTT,SINGLE,Restriction Digest,GENOMIC,Amphiprion bicinctus,ILLUMINA,2015-11-01T00:00:00Z,site10_Amph_Bur17_AGCTA-TAGCTT,47,tissue,not collected,SRP064543,Ethanol,not collected,fin/gill,2015-10-07T03:44:00Z,1,,27.91,35.065
SRR2568076,OTHER,81,159155280,Dr. Michael Berumen Red Sea Research Center King Abdullah University of Science and Technology Thuwal 23955 Saudi Arabia,PRJNA294760,SAMN04151434,Model organism or animal,not collected,100999236,KING ABDULLAH UNIVERSITY OF SCIENCE AND TECHNOLOGY,Gerrit Nanninga,2011-08-09,public,not collected,"fastq,run.zq,sra","gs,ncbi,s3","gs.us-east1,ncbi.public,s3.us-east-1",Adult,not collected,SRX1309435,Saudi Arabia,Asia,Saudi Arabia: Burcan,Illumina HiSeq 2000,not collected,27.91 N 35.065 E,site10_Amph_Bur18_GCATG-GGCTAC,SINGLE,Restriction Digest,GENOMIC,Amphiprion bicinctus,ILLUMINA,2015-11-01T00:00:00Z,site10_Amph_Bur18_GCATG-GGCTAC,48,tissue,not collected,SRP064543,Ethanol,not collected,fin/gill,2015-10-07T03:44:00Z,1,,27.91,35.065
SRR2568077,OTHER,81,85083129,Dr. Michael Berumen Red Sea Research Center King Abdullah University of Science and Technology Thuwal 23955 Saudi Arabia,PRJNA294760,SAMN04151435,Model organism or animal,not collected,56294548,KING ABDULLAH UNIVERSITY OF SCIENCE AND TECHNOLOGY,Gerrit Nanninga,2011-08-09,public,not collected,"fastq,run.zq,sra","gs,ncbi,s3","gs.us-east1,ncbi.public,s3.us-east-1",Adult,not collected,SRX1309436,Saudi Arabia,Asia,Saudi Arabia: Burcan,Illumina HiSeq 2000,not collected,27.91 N 35.065 E,site10_Amph_Bur19_AGCTA-GGCTAC,SINGLE,Restriction Digest,GENOMIC,Amphiprion bicinctus,ILLUMINA,2015-11-01T00:00:00Z,site10_Amph_Bur19_AGCTA-GGCTAC,49,tissue,not collected,SRP064543,Ethanol,not collected,fin/gill,2015-10-07T03:44:00Z,1,,27.91,35.065
SRR2568078,OTHER,81,129384459,Dr. Michael Berumen Red Sea Research Center King Abdullah University of Science and Technology Thuwal 23955 Saudi Arabia,PRJNA294760,SAMN04151436,Model organism or animal,not collected,82646627,KING ABDULLAH UNIVERSITY OF SCIENCE AND TECHNOLOGY,Gerrit Nanninga,2011-08-09,public,not collected,"fastq,run.zq,sra","gs,ncbi,s3","gs.us-east1,ncbi.public,s3.us-east-1",Adult,not collected,SRX1309437,Saudi Arabia,Asia,Saudi Arabia: Burcan,Illumina HiSeq 2000,not collected,27.91 N 35.065 E,site10_Amph_Bur20_GCATG-CTTGTA,SINGLE,Restriction Digest,GENOMIC,Amphiprion bicinctus,ILLUMINA,2015-11-01T00:00:00Z,site10_Amph_Bur20_GCATG-CTTGTA,50,tissue,not collected,SRP064543,Ethanol,not collected,fin/gill,2015-10-07T03:44:00Z,1,,27.91,35.065
SRR2568079,OTHER,81,57359178,Dr. Michael Berumen Red Sea Research Center King Abdullah University of Science and Technology Thuwal 23955 Saudi Arabia,PRJNA294760,SAMN04151437,Model organism or animal,not collected,38407158,KING ABDULLAH UNIVERSITY OF SCIENCE AND TECHNOLOGY,Gerrit Nanninga,2011-08-09,public,not collected,"fastq,run.zq,sra","gs,ncbi,s3","gs.us-east1,ncbi.public,s3.us-east-1",Adult,not collected,SRX1309438,Saudi Arabia,Asia,Saudi Arabia: Burcan,Illumina HiSeq 2000,not collected,27.91 N 35.065 E,site10_Amph_Bur21_AGCTA-CTTGTA,SINGLE,Restriction Digest,GENOMIC,Amphiprion bicinctus,ILLUMINA,2015-11-01T00:00:00Z,site10_Amph_Bur21_AGCTA-CTTGTA,51,tissue,not collected,SRP064543,Ethanol,not collected,fin/gill,2015-10-07T03:44:00Z,1,,27.91,35.065
SRR2568080,OTHER,81,31413825,Dr. Michael Berumen Red Sea Research Center King Abdullah University of Science and Technology Thuwal 23955 Saudi Arabia,PRJNA294760,SAMN04151395,Model organism or animal,not collected,19271601,KING ABDULLAH UNIVERSITY OF SCIENCE AND TECHNOLOGY,Hugo Harrison,2007-01-01,public,not collected,"fastq,run.zq,sra","gs,ncbi,s3","gs.us-east1,ncbi.public,s3.us-east-1",Adult,not collected,SRX1309439,Oman,Asia,Oman,Illumina HiSeq 2000,not collected,16.969 N 55.085 E,site12_Amph_593_TCGAT-TAGCTT,SINGLE,Restriction Digest,GENOMIC,Amphiprion omanensis,ILLUMINA,2015-11-01T00:00:00Z,site12_Amph_593_TCGAT-TAGCTT,9,tissue,not collected,SRP064543,Ethanol,not collected,fin/gill,2015-10-07T03:44:00Z,1,,16.969,55.085
SRR2568081,OTHER,81,118311435,Dr. Michael Berumen Red Sea Research Center King Abdullah University of Science and Technology Thuwal 23955 Saudi Arabia,PRJNA294760,SAMN04151392,Model organism or animal,not collected,93301915,KING ABDULLAH UNIVERSITY OF SCIENCE AND TECHNOLOGY,Hugo Harrison,2007-01-01,public,not collected,"fastq,run.zq,sra","gs,ncbi,s3","gs.us-east1,ncbi.public,s3.us-east-1",Adult,not collected,SRX1309440,Oman,Asia,Oman,Illumina HiSeq 2000,not collected,16.969 N 55.085 E,omanensis_TGACCA_ACTTC,SINGLE,Restriction Digest,GENOMIC,Amphiprion omanensis,ILLUMINA,2015-11-01T00:00:00Z,omanensis_TGACCA-ACTTC,6,tissue,not collected,SRP064543,Ethanol,not collected,fin/gill,2015-10-07T16:42:00Z,1,,16.969,55.085
SRR2568082,OTHER,81,29369628,Dr. Michael Berumen Red Sea Research Center King Abdullah University of Science and Technology Thuwal 23955 Saudi Arabia,PRJNA294760,SAMN04151396,Model organism or animal,not collected,18688577,KING ABDULLAH UNIVERSITY OF SCIENCE AND TECHNOLOGY,Hugo Harrison,2007-01-01,public,not collected,"fastq,run.zq,sra","gs,ncbi,s3","gs.us-east1,ncbi.public,s3.us-east-1",Adult,not collected,SRX1309441,Oman,Asia,Oman,Illumina HiSeq 2000,not collected,16.969 N 55.085 E,site13_Amph_206_AATTA-TAGCTT,SINGLE,Restriction Digest,GENOMIC,Amphiprion omanensis,ILLUMINA,2015-11-01T00:00:00Z,site13_Amph_206_AATTA-TAGCTT,10,tissue,not collected,SRP064543,Ethanol,not collected,fin/gill,2015-10-07T03:44:00Z,1,,16.969,55.085
SRR2568083,OTHER,81,57769767,Dr. Michael Berumen Red Sea Research Center King Abdullah University of Science and Technology Thuwal 23955 Saudi Arabia,PRJNA294760,SAMN04151438,Model organism or animal,not collected,35105834,KING ABDULLAH UNIVERSITY OF SCIENCE AND TECHNOLOGY,Gerrit Nanninga,2009-10-05,public,not collected,"fastq,run.zq,sra","gs,ncbi,s3","gs.us-east1,ncbi.public,s3.us-east-1",Adult,not collected,SRX1309442,Saudi Arabia,Asia,Saudi Arabia: Canyon reef,Illumina HiSeq 2000,not collected,19.89 N 39.961 E,site17_Amph_Can15_ACGGT-CAGATC,SINGLE,Restriction Digest,GENOMIC,Amphiprion bicinctus,ILLUMINA,2015-11-01T00:00:00Z,site17_Amph_Can15_ACGGT-CAGATC,52,tissue,not collected,SRP064543,Ethanol,not collected,fin/gill,2015-10-07T03:44:00Z,1,,19.89,39.961
SRR2568084,OTHER,81,73619442,Dr. Michael Berumen Red Sea Research Center King Abdullah University of Science and Technology Thuwal 23955 Saudi Arabia,PRJNA294760,SAMN04151439,Model organism or animal,not collected,46205546,KING ABDULLAH UNIVERSITY OF SCIENCE AND TECHNOLOGY,Gerrit Nanninga,2009-10-05,public,not collected,"fastq,run.zq,sra","gs,ncbi,s3","gs.us-east1,ncbi.public,s3.us-east-1",Adult,not collected,SRX1309443,Saudi Arabia,Asia,Saudi Arabia: Canyon reef,Illumina HiSeq 2000,not collected,19.89 N 39.961 E,site17_Amph_Can16_TCGAT-ACTTGA,SINGLE,Restriction Digest,GENOMIC,Amphiprion bicinctus,ILLUMINA,2015-11-01T00:00:00Z,site17_Amph_Can16_TCGAT-ACTTGA,53,tissue,not collected,SRP064543,Ethanol,not collected,fin/gill,2015-10-07T03:44:00Z,1,,19.89,39.961
SRR2568085,OTHER,81,90842472,Dr. Michael Berumen Red Sea Research Center King Abdullah University of Science and Technology Thuwal 23955 Saudi Arabia,PRJNA294760,SAMN04151440,Model organism or animal,not collected,55799307,KING ABDULLAH UNIVERSITY OF SCIENCE AND TECHNOLOGY,Gerrit Nanninga,2009-10-05,public,not collected,"fastq,run.zq,sra","gs,ncbi,s3","gs.us-east1,ncbi.public,s3.us-east-1",Adult,not collected,SRX1309444,Saudi Arabia,Asia,Saudi Arabia: Canyon reef,Illumina HiSeq 2000,not collected,19.89 N 39.961 E,site17_Amph_Can17_ACGGT-ACTTGA,SINGLE,Restriction Digest,GENOMIC,Amphiprion bicinctus,ILLUMINA,2015-11-01T00:00:00Z,site17_Amph_Can17_ACGGT-ACTTGA,54,tissue,not collected,SRP064543,Ethanol,not collected,fin/gill,2015-10-07T03:44:00Z,1,,19.89,39.961
SRR2568086,OTHER,81,62369676,Dr. Michael Berumen Red Sea Research Center King Abdullah University of Science and Technology Thuwal 23955 Saudi Arabia,PRJNA294760,SAMN04151441,Model organism or animal,not collected,40206573,KING ABDULLAH UNIVERSITY OF SCIENCE AND TECHNOLOGY,Gerrit Nanninga,2009-10-05,public,not collected,"fastq,run.zq,sra","gs,ncbi,s3","gs.us-east1,ncbi.public,s3.us-east-1",Adult,not collected,SRX1309445,Saudi Arabia,Asia,Saudi Arabia: Canyon reef,Illumina HiSeq 2000,not collected,19.89 N 39.961 E,site17_Amph_Can18_TCGAT-GATCAG,SINGLE,Restriction Digest,GENOMIC,Amphiprion bicinctus,ILLUMINA,2015-11-01T00:00:00Z,site17_Amph_Can18_TCGAT-GATCAG,55,tissue,not collected,SRP064543,Ethanol,not collected,fin/gill,2015-10-07T03:44:00Z,1,,19.89,39.961
SRR2568087,OTHER,81,135590274,Dr. Michael Berumen Red Sea Research Center King Abdullah University of Science and Technology Thuwal 23955 Saudi Arabia,PRJNA294760,SAMN04151442,Model organism or animal,not collected,85316106,KING ABDULLAH UNIVERSITY OF SCIENCE AND TECHNOLOGY,Gerrit Nanninga,2009-10-05,public,not collected,"fastq,run.zq,sra","gs,ncbi,s3","gs.us-east1,ncbi.public,s3.us-east-1",Adult,not collected,SRX1309446,Saudi Arabia,Asia,Saudi Arabia: Canyon reef,Illumina HiSeq 2000,not collected,19.89 N 39.961 E,site17_Amph_Can19_ACGGT-GATCAG,SINGLE,Restriction Digest,GENOMIC,Amphiprion bicinctus,ILLUMINA,2015-11-01T00:00:00Z,site17_Amph_Can19_ACGGT-GATCAG,56,tissue,not collected,SRP064543,Ethanol,not collected,fin/gill,2015-10-07T03:44:00Z,1,,19.89,39.961
SRR2568088,OTHER,81,66179835,Dr. Michael Berumen Red Sea Research Center King Abdullah University of Science and Technology Thuwal 23955 Saudi Arabia,PRJNA294760,SAMN04151443,Model organism or animal,not collected,42723667,KING ABDULLAH UNIVERSITY OF SCIENCE AND TECHNOLOGY,Gerrit Nanninga,2009-10-05,public,not collected,"fastq,run.zq,sra","gs,ncbi,s3","gs.us-east1,ncbi.public,s3.us-east-1",Adult,not collected,SRX1309447,Saudi Arabia,Asia,Saudi Arabia: Canyon reef,Illumina HiSeq 2000,not collected,19.89 N 39.961 E,site17_Amph_Can20_TCGAT-TAGCTT,SINGLE,Restriction Digest,GENOMIC,Amphiprion bicinctus,ILLUMINA,2015-11-01T00:00:00Z,site17_Amph_Can20_TCGAT-TAGCTT,57,tissue,not collected,SRP064543,Ethanol,not collected,fin/gill,2015-10-07T03:47:00Z,1,,19.89,39.961
SRR2568089,OTHER,81,131085135,Dr. Michael Berumen Red Sea Research Center King Abdullah University of Science and Technology Thuwal 23955 Saudi Arabia,PRJNA294760,SAMN04151444,Model organism or animal,not collected,82686232,KING ABDULLAH UNIVERSITY OF SCIENCE AND TECHNOLOGY,Gerrit Nanninga,2009-10-05,public,not collected,"fastq,run.zq,sra","gs,ncbi,s3","gs.us-east1,ncbi.public,s3.us-east-1",Adult,not collected,SRX1309448,Saudi Arabia,Asia,Saudi Arabia: Canyon reef,Illumina HiSeq 2000,not collected,19.89 N 39.961 E,site17_Amph_Can21_ACGGT-TAGCTT,SINGLE,Restriction Digest,GENOMIC,Amphiprion bicinctus,ILLUMINA,2015-11-01T00:00:00Z,site17_Amph_Can21_ACGGT-TAGCTT,58,tissue,not collected,SRP064543,Ethanol,not collected,fin/gill,2015-10-07T03:47:00Z,1,,19.89,39.961
SRR2568090,OTHER,81,41655789,Dr. Michael Berumen Red Sea Research Center King Abdullah University of Science and Technology Thuwal 23955 Saudi Arabia,PRJNA294760,SAMN04151445,Model organism or animal,not collected,27089020,KING ABDULLAH UNIVERSITY OF SCIENCE AND TECHNOLOGY,Gerrit Nanninga,2009-10-05,public,not collected,"fastq,run.zq,sra","gs,ncbi,s3","gs.us-east1,ncbi.public,s3.us-east-1",Adult,not collected,SRX1309449,Saudi Arabia,Asia,Saudi Arabia: Canyon reef,Illumina HiSeq 2000,not collected,19.89 N 39.961 E,site17_Amph_Can22_TCGAT-GGCTAC,SINGLE,Restriction Digest,GENOMIC,Amphiprion bicinctus,ILLUMINA,2015-11-01T00:00:00Z,site17_Amph_Can22_TCGAT-GGCTAC,59,tissue,not collected,SRP064543,Ethanol,not collected,fin/gill,2015-10-07T03:47:00Z,1,,19.89,39.961
SRR2568091,OTHER,81,150961158,Dr. Michael Berumen Red Sea Research Center King Abdullah University of Science and Technology Thuwal 23955 Saudi Arabia,PRJNA294760,SAMN04151446,Model organism or animal,not collected,95038058,KING ABDULLAH UNIVERSITY OF SCIENCE AND TECHNOLOGY,Gerrit Nanninga,2009-10-05,public,not collected,"fastq,run.zq,sra","gs,ncbi,s3","gs.us-east1,ncbi.public,s3.us-east-1",Adult,not collected,SRX1309450,Saudi Arabia,Asia,Saudi Arabia: Canyon reef,Illumina HiSeq 2000,not collected,19.89 N 39.961 E,site17_Amph_Can23_ACGGT-GGCTAC,SINGLE,Restriction Digest,GENOMIC,Amphiprion bicinctus,ILLUMINA,2015-11-01T00:00:00Z,site17_Amph_Can23_ACGGT-GGCTAC,60,tissue,not collected,SRP064543,Ethanol,not collected,fin/gill,2015-10-07T03:47:00Z,1,,19.89,39.961
SRR2568092,OTHER,81,102420936,Dr. Michael Berumen Red Sea Research Center King Abdullah University of Science and Technology Thuwal 23955 Saudi Arabia,PRJNA294760,SAMN04151393,Model organism or animal,not collected,80547166,KING ABDULLAH UNIVERSITY OF SCIENCE AND TECHNOLOGY,Hugo Harrison,2007-01-01,public,not collected,"fastq,run.zq,sra","gs,ncbi,s3","gs.us-east1,ncbi.public,s3.us-east-1",Adult,not collected,SRX1309451,Oman,Asia,Oman,Illumina HiSeq 2000,not collected,16.969 N 55.085 E,omanensis_TGACCA_ATACG,SINGLE,Restriction Digest,GENOMIC,Amphiprion omanensis,ILLUMINA,2015-11-01T00:00:00Z,omanensis_TGACCA-ATACG,7,tissue,not collected,SRP064543,Ethanol,not collected,fin/gill,2015-10-07T16:40:00Z,1,,16.969,55.085
SRR2568093,OTHER,81,53554122,Dr. Michael Berumen Red Sea Research Center King Abdullah University of Science and Technology Thuwal 23955 Saudi Arabia,PRJNA294760,SAMN04151447,Model organism or animal,not collected,35061039,KING ABDULLAH UNIVERSITY OF SCIENCE AND TECHNOLOGY,Gerrit Nanninga,2009-10-05,public,not collected,"fastq,run.zq,sra","gs,ncbi,s3","gs.us-east1,ncbi.public,s3.us-east-1",Adult,not collected,SRX1309452,Saudi Arabia,Asia,Saudi Arabia: Canyon reef,Illumina HiSeq 2000,not collected,19.89 N 39.961 E,site17_Amph_Can24_TCGAT-CTTGTA,SINGLE,Restriction Digest,GENOMIC,Amphiprion bicinctus,ILLUMINA,2015-11-01T00:00:00Z,site17_Amph_Can24_TCGAT-CTTGTA,61,tissue,not collected,SRP064543,Ethanol,not collected,fin/gill,2015-10-07T03:47:00Z,1,,19.89,39.961
SRR2568094,OTHER,81,43614774,Dr. Michael Berumen Red Sea Research Center King Abdullah University of Science and Technology Thuwal 23955 Saudi Arabia,PRJNA294760,SAMN04151448,Model organism or animal,not collected,27818768,KING ABDULLAH UNIVERSITY OF SCIENCE AND TECHNOLOGY,Gerrit Nanninga,2009-10-05,public,not collected,"fastq,run.zq,sra","gs,ncbi,s3","gs.us-east1,ncbi.public,s3.us-east-1",Adult,not collected,SRX1309453,Saudi Arabia,Asia,Saudi Arabia: Canyon reef,Illumina HiSeq 2000,not collected,19.89 N 39.961 E,site17_Amph_Can25_ACGGT-CTTGTA,SINGLE,Restriction Digest,GENOMIC,Amphiprion bicinctus,ILLUMINA,2015-11-01T00:00:00Z,site17_Amph_Can25_ACGGT-CTTGTA,62,tissue,not collected,SRP064543,Ethanol,not collected,fin/gill,2015-10-07T03:47:00Z,1,,19.89,39.961
SRR2568095,OTHER,81,74654541,Dr. Michael Berumen Red Sea Research Center King Abdullah University of Science and Technology Thuwal 23955 Saudi Arabia,PRJNA294760,SAMN04151449,Model organism or animal,not collected,45925615,KING ABDULLAH UNIVERSITY OF SCIENCE AND TECHNOLOGY,Gerrit Nanninga,2009-10-05,public,not collected,"fastq,run.zq,sra","gs,ncbi,s3","gs.us-east1,ncbi.public,s3.us-east-1",Adult,not collected,SRX1309454,Saudi Arabia,Asia,Saudi Arabia: Canyon reef,Illumina HiSeq 2000,not collected,19.89 N 39.961 E,site17_Amph_CanP2C6_TCGAT-CAGATC,SINGLE,Restriction Digest,GENOMIC,Amphiprion bicinctus,ILLUMINA,2015-11-01T00:00:00Z,site17_Amph_CanP2C6_TCGAT-CAGATC,63,tissue,not collected,SRP064543,Ethanol,not collected,fin/gill,2015-10-07T03:47:00Z,1,,19.89,39.961
SRR2568096,OTHER,81,54585252,Dr. Michael Berumen Red Sea Research Center King Abdullah University of Science and Technology Thuwal 23955 Saudi Arabia,PRJNA294760,SAMN04151450,Model organism or animal,not collected,34665321,KING ABDULLAH UNIVERSITY OF SCIENCE AND TECHNOLOGY,"Joseph DiBattista\, Tane Sinclair-Taylor\, Luiz Rocha\, Mark Priest\, and JP Hobbs",2013-10-12,public,not collected,"fastq,run.zq,sra","gs,ncbi,s3","gs.us-east1,ncbi.public,s3.us-east-1",Adult,not collected,SRX1309455,Yemen,Asia,Yemen: Socotra,Illumina HiSeq 2000,not collected,12.659 N 53.907 E,site19_Amph_RS6014_ATGAG-GATCAG,SINGLE,Restriction Digest,GENOMIC,Amphiprion bicinctus,ILLUMINA,2015-11-01T00:00:00Z,site19_Amph_RS6014_ATGAG-GATCAG,64,tissue,not collected,SRP064543,Ethanol,not collected,fin/gill,2015-10-07T03:47:00Z,1,CAS236897,12.659,53.907
SRR2568097,OTHER,81,111271644,Dr. Michael Berumen Red Sea Research Center King Abdullah University of Science and Technology Thuwal 23955 Saudi Arabia,PRJNA294760,SAMN04151451,Model organism or animal,not collected,69454159,KING ABDULLAH UNIVERSITY OF SCIENCE AND TECHNOLOGY,"Joseph DiBattista\, Tane Sinclair-Taylor\, Luiz Rocha\, Mark Priest\, and JP Hobbs",2013-10-12,public,not collected,"fastq,run.zq,sra","gs,ncbi,s3","gs.us-east1,ncbi.public,s3.us-east-1",Adult,not collected,SRX1309456,Yemen,Asia,Yemen: Socotra,Illumina HiSeq 2000,not collected,12.659 N 53.907 E,site19_Amph_RS6015_AAGGA-TAGCTT,SINGLE,Restriction Digest,GENOMIC,Amphiprion bicinctus,ILLUMINA,2015-11-01T00:00:00Z,site19_Amph_RS6015_AAGGA-TAGCTT,65,tissue,not collected,SRP064543,Ethanol,not collected,fin/gill,2015-10-07T03:50:00Z,1,CAS236897,12.659,53.907
SRR2568098,OTHER,81,61735203,Dr. Michael Berumen Red Sea Research Center King Abdullah University of Science and Technology Thuwal 23955 Saudi Arabia,PRJNA294760,SAMN04151452,Model organism or animal,not collected,39260942,KING ABDULLAH UNIVERSITY OF SCIENCE AND TECHNOLOGY,"Joseph DiBattista\, Tane Sinclair-Taylor\, Luiz Rocha\, Mark Priest\, and JP Hobbs",2013-10-12,public,not collected,"fastq,run.zq,sra","gs,ncbi,s3","gs.us-east1,ncbi.public,s3.us-east-1",Adult,not collected,SRX1309457,Yemen,Asia,Yemen: Socotra,Illumina HiSeq 2000,not collected,12.659 N 53.907 E,site19_Amph_RS6016_ATGAG-TAGCTT,SINGLE,Restriction Digest,GENOMIC,Amphiprion bicinctus,ILLUMINA,2015-11-01T00:00:00Z,site19_Amph_RS6016_ATGAG-TAGCTT,66,tissue,not collected,SRP064543,Ethanol,not collected,fin/gill,2015-10-07T03:50:00Z,1,CAS236897,12.659,53.907
SRR2568099,OTHER,81,34172037,Dr. Michael Berumen Red Sea Research Center King Abdullah University of Science and Technology Thuwal 23955 Saudi Arabia,PRJNA294760,SAMN04151453,Model organism or animal,not collected,21448013,KING ABDULLAH UNIVERSITY OF SCIENCE AND TECHNOLOGY,"Joseph DiBattista\, Tane Sinclair-Taylor\, Luiz Rocha\, Mark Priest\, and JP Hobbs",2013-10-15,public,not collected,"fastq,run.zq,sra","gs,ncbi,s3","gs.us-east1,ncbi.public,s3.us-east-1",Adult,not collected,SRX1309458,Yemen,Asia,Yemen: Socotra,Illumina HiSeq 2000,not collected,12.659 N 53.907 E,site19_Amph_RS6196_AAGGA-GGCTAC,SINGLE,Restriction Digest,GENOMIC,Amphiprion bicinctus,ILLUMINA,2015-11-01T00:00:00Z,site19_Amph_RS6196_AAGGA-GGCTAC,67,tissue,not collected,SRP064543,Ethanol,not collected,fin/gill,2015-10-07T03:50:00Z,1,,12.659,53.907
SRR2568100,OTHER,81,64929357,Dr. Michael Berumen Red Sea Research Center King Abdullah University of Science and Technology Thuwal 23955 Saudi Arabia,PRJNA294760,SAMN04151454,Model organism or animal,not collected,41430238,KING ABDULLAH UNIVERSITY OF SCIENCE AND TECHNOLOGY,"Joseph DiBattista\, Tane Sinclair-Taylor\, Luiz Rocha\, Mark Priest\, and JP Hobbs",2013-10-15,public,not collected,"fastq,run.zq,sra","gs,ncbi,s3","gs.us-east1,ncbi.public,s3.us-east-1",Adult,not collected,SRX1309459,Yemen,Asia,Yemen: Socotra,Illumina HiSeq 2000,not collected,12.659 N 53.907 E,site19_Amph_RS6197_ATGAG-GGCTAC,SINGLE,Restriction Digest,GENOMIC,Amphiprion bicinctus,ILLUMINA,2015-11-01T00:00:00Z,site19_Amph_RS6197_ATGAG-GGCTAC,68,tissue,not collected,SRP064543,Ethanol,not collected,fin/gill,2015-10-07T03:50:00Z,1,,12.659,53.907
SRR2568101,OTHER,81,116250957,Dr. Michael Berumen Red Sea Research Center King Abdullah University of Science and Technology Thuwal 23955 Saudi Arabia,PRJNA294760,SAMN04151455,Model organism or animal,not collected,72920756,KING ABDULLAH UNIVERSITY OF SCIENCE AND TECHNOLOGY,"Joseph DiBattista\, Tane Sinclair-Taylor\, Luiz Rocha\, Mark Priest\, and JP Hobbs",2013-10-15,public,not collected,"fastq,run.zq,sra","gs,ncbi,s3","gs.us-east1,ncbi.public,s3.us-east-1",Adult,not collected,SRX1309460,Yemen,Asia,Yemen: Socotra,Illumina HiSeq 2000,not collected,12.659 N 53.907 E,site19_Amph_RS6198_AAGGA-CTTGTA,SINGLE,Restriction Digest,GENOMIC,Amphiprion bicinctus,ILLUMINA,2015-11-01T00:00:00Z,site19_Amph_RS6198_AAGGA-CTTGTA,69,tissue,not collected,SRP064543,Ethanol,not collected,fin/gill,2015-10-07T03:52:00Z,1,,12.659,53.907
SRR2568102,OTHER,81,60688278,Dr. Michael Berumen Red Sea Research Center King Abdullah University of Science and Technology Thuwal 23955 Saudi Arabia,PRJNA294760,SAMN04151456,Model organism or animal,not collected,39063593,KING ABDULLAH UNIVERSITY OF SCIENCE AND TECHNOLOGY,"Joseph DiBattista\, Tane Sinclair-Taylor\, Luiz Rocha\, Mark Priest\, and JP Hobbs",2013-10-15,public,not collected,"fastq,run.zq,sra","gs,ncbi,s3","gs.us-east1,ncbi.public,s3.us-east-1",Adult,not collected,SRX1309461,Yemen,Asia,Yemen: Socotra,Illumina HiSeq 2000,not collected,12.659 N 53.907 E,site19_Amph_RS6199_ATGAG-CTTGTA,SINGLE,Restriction Digest,GENOMIC,Amphiprion bicinctus,ILLUMINA,2015-11-01T00:00:00Z,site19_Amph_RS6199_ATGAG-CTTGTA,70,tissue,not collected,SRP064543,Ethanol,not collected,fin/gill,2015-10-07T03:50:00Z,1,,12.659,53.907
SRR2568103,OTHER,81,54815778,Dr. Michael Berumen Red Sea Research Center King Abdullah University of Science and Technology Thuwal 23955 Saudi Arabia,PRJNA294760,SAMN04151394,Model organism or animal,not collected,43061278,KING ABDULLAH UNIVERSITY OF SCIENCE AND TECHNOLOGY,Hugo Harrison,2007-01-01,public,not collected,"fastq,run.zq,sra","gs,ncbi,s3","gs.us-east1,ncbi.public,s3.us-east-1",Adult,not collected,SRX1309462,Oman,Asia,Oman,Illumina HiSeq 2000,not collected,16.969 N 55.085 E,omanensis_TGACCA_ATGAG,SINGLE,Restriction Digest,GENOMIC,Amphiprion omanensis,ILLUMINA,2015-11-01T00:00:00Z,omanensis_TGACCA-ATGAG,8,tissue,not collected,SRP064543,Ethanol,not collected,fin/gill,2015-10-07T16:39:00Z,1,,16.969,55.085
SRR2568104,OTHER,81,29086128,Dr. Michael Berumen Red Sea Research Center King Abdullah University of Science and Technology Thuwal 23955 Saudi Arabia,PRJNA294760,SAMN04151457,Model organism or animal,not collected,19625647,KING ABDULLAH UNIVERSITY OF SCIENCE AND TECHNOLOGY,Gerrit Nanninga,2009-10-07,public,not collected,"fastq,run.zq,sra","gs,ncbi,s3","gs.us-east1,ncbi.public,s3.us-east-1",Adult,not collected,SRX1309463,Saudi Arabia,Asia,Saudi Arabia: Sumayr,Illumina HiSeq 2000,not collected,17.787 N 41.442 E,site20_Amph_Sum10_TGCAT-GGCTAC,SINGLE,Restriction Digest,GENOMIC,Amphiprion bicinctus,ILLUMINA,2015-11-01T00:00:00Z,site20_Amph_Sum10_TGCAT-GGCTAC,71,tissue,not collected,SRP064543,Ethanol,not collected,fin/gill,2015-10-07T03:50:00Z,1,,17.787,41.442
SRR2568105,OTHER,81,131258070,Dr. Michael Berumen Red Sea Research Center King Abdullah University of Science and Technology Thuwal 23955 Saudi Arabia,PRJNA294760,SAMN04151458,Model organism or animal,not collected,86953764,KING ABDULLAH UNIVERSITY OF SCIENCE AND TECHNOLOGY,Gerrit Nanninga,2009-10-07,public,not collected,"fastq,run.zq,sra","gs,ncbi,s3","gs.us-east1,ncbi.public,s3.us-east-1",Adult,not collected,SRX1309464,Saudi Arabia,Asia,Saudi Arabia: Sumayr,Illumina HiSeq 2000,not collected,17.787 N 41.442 E,site20_Amph_Sum13_ACTGG-CTTGTA,SINGLE,Restriction Digest,GENOMIC,Amphiprion bicinctus,ILLUMINA,2015-11-01T00:00:00Z,site20_Amph_Sum13_ACTGG-CTTGTA,72,tissue,not collected,SRP064543,Ethanol,not collected,fin/gill,2015-10-07T03:52:00Z,1,,17.787,41.442
SRR2568106,OTHER,81,71306487,Dr. Michael Berumen Red Sea Research Center King Abdullah University of Science and Technology Thuwal 23955 Saudi Arabia,PRJNA294760,SAMN04151459,Model organism or animal,not collected,44982316,KING ABDULLAH UNIVERSITY OF SCIENCE AND TECHNOLOGY,Gerrit Nanninga,2009-10-07,public,not collected,"fastq,run.zq,sra","gs,ncbi,s3","gs.us-east1,ncbi.public,s3.us-east-1",Adult,not collected,SRX1309465,Saudi Arabia,Asia,Saudi Arabia: Sumayr,Illumina HiSeq 2000,not collected,17.787 N 41.442 E,site20_Amph_Sum3_ACTGG-CAGATC,SINGLE,Restriction Digest,GENOMIC,Amphiprion bicinctus,ILLUMINA,2015-11-01T00:00:00Z,site20_Amph_Sum3_ACTGG-CAGATC,73,tissue,not collected,SRP064543,Ethanol,not collected,fin/gill,2015-10-07T03:50:00Z,1,,17.787,41.442
SRR2568107,OTHER,81,45991476,Dr. Michael Berumen Red Sea Research Center King Abdullah University of Science and Technology Thuwal 23955 Saudi Arabia,PRJNA294760,SAMN04151460,Model organism or animal,not collected,29582800,KING ABDULLAH UNIVERSITY OF SCIENCE AND TECHNOLOGY,Gerrit Nanninga,2009-10-07,public,not collected,"fastq,run.zq,sra","gs,ncbi,s3","gs.us-east1,ncbi.public,s3.us-east-1",Adult,not collected,SRX1309466,Saudi Arabia,Asia,Saudi Arabia: Sumayr,Illumina HiSeq 2000,not collected,17.787 N 41.442 E,site20_Amph_Sum4_TGCAT-ACTTGA,SINGLE,Restriction Digest,GENOMIC,Amphiprion bicinctus,ILLUMINA,2015-11-01T00:00:00Z,site20_Amph_Sum4_TGCAT-ACTTGA,74,tissue,not collected,SRP064543,Ethanol,not collected,fin/gill,2015-10-07T03:50:00Z,1,,17.787,41.442
SRR2568108,OTHER,81,99635103,Dr. Michael Berumen Red Sea Research Center King Abdullah University of Science and Technology Thuwal 23955 Saudi Arabia,PRJNA294760,SAMN04151461,Model organism or animal,not collected,63837340,KING ABDULLAH UNIVERSITY OF SCIENCE AND TECHNOLOGY,Gerrit Nanninga,2009-10-07,public,not collected,"fastq,run.zq,sra","gs,ncbi,s3","gs.us-east1,ncbi.public,s3.us-east-1",Adult,not collected,SRX1309467,Saudi Arabia,Asia,Saudi Arabia: Sumayr,Illumina HiSeq 2000,not collected,17.787 N 41.442 E,site20_Amph_Sum5_ACTGG-ACTTGA,SINGLE,Restriction Digest,GENOMIC,Amphiprion bicinctus,ILLUMINA,2015-11-01T00:00:00Z,site20_Amph_Sum5_ACTGG-ACTTGA,75,tissue,not collected,SRP064543,Ethanol,not collected,fin/gill,2015-10-07T03:50:00Z,1,,17.787,41.442
SRR2568109,OTHER,81,41241960,Dr. Michael Berumen Red Sea Research Center King Abdullah University of Science and Technology Thuwal 23955 Saudi Arabia,PRJNA294760,SAMN04151462,Model organism or animal,not collected,27737222,KING ABDULLAH UNIVERSITY OF SCIENCE AND TECHNOLOGY,Gerrit Nanninga,2009-10-07,public,not collected,"fastq,run.zq,sra","gs,ncbi,s3","gs.us-east1,ncbi.public,s3.us-east-1",Adult,not collected,SRX1309468,Saudi Arabia,Asia,Saudi Arabia: Sumayr,Illumina HiSeq 2000,not collected,17.787 N 41.442 E,site20_Amph_Sum6_TGCAT-GATCAG,SINGLE,Restriction Digest,GENOMIC,Amphiprion bicinctus,ILLUMINA,2015-11-01T00:00:00Z,site20_Amph_Sum6_TGCAT-GATCAG,76,tissue,not collected,SRP064543,Ethanol,not collected,fin/gill,2015-10-07T03:50:00Z,1,,17.787,41.442
SRR2568110,OTHER,81,152622630,Dr. Michael Berumen Red Sea Research Center King Abdullah University of Science and Technology Thuwal 23955 Saudi Arabia,PRJNA294760,SAMN04151463,Model organism or animal,not collected,100525652,KING ABDULLAH UNIVERSITY OF SCIENCE AND TECHNOLOGY,Gerrit Nanninga,2009-10-07,public,not collected,"fastq,run.zq,sra","gs,ncbi,s3","gs.us-east1,ncbi.public,s3.us-east-1",Adult,not collected,SRX1309469,Saudi Arabia,Asia,Saudi Arabia: Sumayr,Illumina HiSeq 2000,not collected,17.787 N 41.442 E,site20_Amph_Sum7_ACTGG-GATCAG,SINGLE,Restriction Digest,GENOMIC,Amphiprion bicinctus,ILLUMINA,2015-11-01T00:00:00Z,site20_Amph_Sum7_ACTGG-GATCAG,77,tissue,not collected,SRP064543,Ethanol,not collected,fin/gill,2015-10-07T03:50:00Z,1,,17.787,41.442
SRR2568111,OTHER,81,32139018,Dr. Michael Berumen Red Sea Research Center King Abdullah University of Science and Technology Thuwal 23955 Saudi Arabia,PRJNA294760,SAMN04151464,Model organism or animal,not collected,21661859,KING ABDULLAH UNIVERSITY OF SCIENCE AND TECHNOLOGY,Gerrit Nanninga,2009-10-07,public,not collected,"fastq,run.zq,sra","gs,ncbi,s3","gs.us-east1,ncbi.public,s3.us-east-1",Adult,not collected,SRX1309470,Saudi Arabia,Asia,Saudi Arabia: Sumayr,Illumina HiSeq 2000,not collected,17.787 N 41.442 E,site20_Amph_Sum8_TGCAT-TAGCTT,SINGLE,Restriction Digest,GENOMIC,Amphiprion bicinctus,ILLUMINA,2015-11-01T00:00:00Z,site20_Amph_Sum8_TGCAT-TAGCTT,78,tissue,not collected,SRP064543,Ethanol,not collected,fin/gill,2015-10-07T03:50:00Z,1,,17.787,41.442
SRR2568112,OTHER,81,137871720,Dr. Michael Berumen Red Sea Research Center King Abdullah University of Science and Technology Thuwal 23955 Saudi Arabia,PRJNA294760,SAMN04151465,Model organism or animal,not collected,91061969,KING ABDULLAH UNIVERSITY OF SCIENCE AND TECHNOLOGY,Gerrit Nanninga,2009-10-07,public,not collected,"fastq,run.zq,sra","gs,ncbi,s3","gs.us-east1,ncbi.public,s3.us-east-1",Adult,not collected,SRX1309471,Saudi Arabia,Asia,Saudi Arabia: Sumayr,Illumina HiSeq 2000,not collected,17.787 N 41.442 E,site20_Amph_Sum9_ACTGG-TAGCTT,SINGLE,Restriction Digest,GENOMIC,Amphiprion bicinctus,ILLUMINA,2015-11-01T00:00:00Z,site20_Amph_Sum9_ACTGG-TAGCTT,79,tissue,not collected,SRP064543,Ethanol,not collected,fin/gill,2015-10-07T03:50:00Z,1,,17.787,41.442
SRR2568113,OTHER,81,35829621,Dr. Michael Berumen Red Sea Research Center King Abdullah University of Science and Technology Thuwal 23955 Saudi Arabia,PRJNA294760,SAMN04151466,Model organism or animal,not collected,22629615,KING ABDULLAH UNIVERSITY OF SCIENCE AND TECHNOLOGY,Gerrit Nanninga,2009-10-07,public,not collected,"fastq,run.zq,sra","gs,ncbi,s3","gs.us-east1,ncbi.public,s3.us-east-1",Adult,not collected,SRX1309472,Saudi Arabia,Asia,Saudi Arabia: Sumayr,Illumina HiSeq 2000,not collected,17.787 N 41.442 E,site20_Amph_sumP3B1_TGCAT-CAGATC,SINGLE,Restriction Digest,GENOMIC,Amphiprion bicinctus,ILLUMINA,2015-11-01T00:00:00Z,site20_Amph_sumP3B1_TGCAT-CAGATC,80,tissue,not collected,SRP064543,Ethanol,not collected,fin/gill,2015-10-07T03:53:00Z,1,,17.787,41.442
SRR2568114,OTHER,81,99903537,Dr. Michael Berumen Red Sea Research Center King Abdullah University of Science and Technology Thuwal 23955 Saudi Arabia,PRJNA294760,SAMN04151397,Model organism or animal,not collected,59863971,KING ABDULLAH UNIVERSITY OF SCIENCE AND TECHNOLOGY,Gerrit Nanninga,2012-10-01,public,not collected,"fastq,run.zq,sra","gs,ncbi,s3","gs.us-east1,ncbi.public,s3.us-east-1",Adult,not collected,SRX1309473,Djibouti,Africa,Djibouti,Illumina HiSeq 2000,not collected,11.721 N 43.165 E,site06_Amph_Dij1599_AAGGA-CAGATC,SINGLE,Restriction Digest,GENOMIC,Amphiprion bicinctus,ILLUMINA,2015-11-01T00:00:00Z,site06_Amph_Dij1599_AAGGA-CAGATC,11,tissue,not collected,SRP064543,Ethanol,not collected,fin/gill,2015-10-07T03:53:00Z,1,,11.721,43.165
SRR2568115,OTHER,81,53549505,Dr. Michael Berumen Red Sea Research Center King Abdullah University of Science and Technology Thuwal 23955 Saudi Arabia,PRJNA294760,SAMN04151467,Model organism or animal,not collected,33923070,KING ABDULLAH UNIVERSITY OF SCIENCE AND TECHNOLOGY,Gerrit Nanninga,2013-02-11,public,not collected,"fastq,run.zq,sra","gs,ncbi,s3","gs.us-east1,ncbi.public,s3.us-east-1",Adult,not collected,SRX1309474,Sudan,Africa,Sudan,Illumina HiSeq 2000,not collected,21.207 N 37.232 E,site21_Amph_Sud1723_AACCA-CAGATC,SINGLE,Restriction Digest,GENOMIC,Amphiprion bicinctus,ILLUMINA,2015-11-01T00:00:00Z,site21_Amph_Sud1723_AACCA-CAGATC,81,tissue,not collected,SRP064543,Ethanol,not collected,fin/gill,2015-10-07T03:53:00Z,1,,21.207,37.232
SRR2568116,OTHER,81,32092686,Dr. Michael Berumen Red Sea Research Center King Abdullah University of Science and Technology Thuwal 23955 Saudi Arabia,PRJNA294760,SAMN04151468,Model organism or animal,not collected,20557851,KING ABDULLAH UNIVERSITY OF SCIENCE AND TECHNOLOGY,Gerrit Nanninga,2013-02-11,public,not collected,"fastq,run.zq,sra","gs,ncbi,s3","gs.us-east1,ncbi.public,s3.us-east-1",Adult,not collected,SRX1309475,Sudan,Africa,Sudan,Illumina HiSeq 2000,not collected,21.207 N 37.232 E,site21_Amph_Sud1724_ACACA-CAGATC,SINGLE,Restriction Digest,GENOMIC,Amphiprion bicinctus,ILLUMINA,2015-11-01T00:00:00Z,site21_Amph_Sud1724_ACACA-CAGATC,82,tissue,not collected,SRP064543,Ethanol,not collected,fin/gill,2015-10-07T03:53:00Z,1,,21.207,37.232
SRR2568117,OTHER,81,33477705,Dr. Michael Berumen Red Sea Research Center King Abdullah University of Science and Technology Thuwal 23955 Saudi Arabia,PRJNA294760,SAMN04151469,Model organism or animal,not collected,21243376,KING ABDULLAH UNIVERSITY OF SCIENCE AND TECHNOLOGY,Gerrit Nanninga,2013-02-11,public,not collected,"fastq,run.zq,sra","gs,ncbi,s3","gs.us-east1,ncbi.public,s3.us-east-1",Adult,not collected,SRX1309476,Sudan,Africa,Sudan,Illumina HiSeq 2000,not collected,21.207 N 37.232 E,site21_Amph_Sud1726_AACCA-ACTTGA,SINGLE,Restriction Digest,GENOMIC,Amphiprion bicinctus,ILLUMINA,2015-11-01T00:00:00Z,site21_Amph_Sud1726_AACCA-ACTTGA,83,tissue,not collected,SRP064543,Ethanol,not collected,fin/gill,2015-10-07T03:53:00Z,1,,21.207,37.232
SRR2568118,OTHER,81,24006780,Dr. Michael Berumen Red Sea Research Center King Abdullah University of Science and Technology Thuwal 23955 Saudi Arabia,PRJNA294760,SAMN04151470,Model organism or animal,not collected,15361033,KING ABDULLAH UNIVERSITY OF SCIENCE AND TECHNOLOGY,Gerrit Nanninga,2013-02-11,public,not collected,"fastq,run.zq,sra","gs,ncbi,s3","gs.us-east1,ncbi.public,s3.us-east-1",Adult,not collected,SRX1309477,Sudan,Africa,Sudan,Illumina HiSeq 2000,not collected,21.207 N 37.232 E,site21_Amph_Sud1728_ACACA-ACTTGA,SINGLE,Restriction Digest,GENOMIC,Amphiprion bicinctus,ILLUMINA,2015-11-01T00:00:00Z,site21_Amph_Sud1728_ACACA-ACTTGA,84,tissue,not collected,SRP064543,Ethanol,not collected,fin/gill,2015-10-07T03:53:00Z,1,,21.207,37.232
SRR2568119,OTHER,81,44793648,Dr. Michael Berumen Red Sea Research Center King Abdullah University of Science and Technology Thuwal 23955 Saudi Arabia,PRJNA294760,SAMN04151471,Model organism or animal,not collected,28432521,KING ABDULLAH UNIVERSITY OF SCIENCE AND TECHNOLOGY,Gerrit Nanninga,2013-02-11,public,not collected,"fastq,run.zq,sra","gs,ncbi,s3","gs.us-east1,ncbi.public,s3.us-east-1",Adult,not collected,SRX1309478,Sudan,Africa,Sudan,Illumina HiSeq 2000,not collected,21.207 N 37.232 E,site21_Amph_Sud1731_AACCA-GATCAG,SINGLE,Restriction Digest,GENOMIC,Amphiprion bicinctus,ILLUMINA,2015-11-01T00:00:00Z,site21_Amph_Sud1731_AACCA-GATCAG,85,tissue,not collected,SRP064543,Ethanol,not collected,fin/gill,2015-10-07T03:53:00Z,1,,21.207,37.232
SRR2568120,OTHER,81,34059852,Dr. Michael Berumen Red Sea Research Center King Abdullah University of Science and Technology Thuwal 23955 Saudi Arabia,PRJNA294760,SAMN04151472,Model organism or animal,not collected,21827876,KING ABDULLAH UNIVERSITY OF SCIENCE AND TECHNOLOGY,Gerrit Nanninga,2013-02-11,public,not collected,"fastq,run.zq,sra","gs,ncbi,s3","gs.us-east1,ncbi.public,s3.us-east-1",Adult,not collected,SRX1309479,Sudan,Africa,Sudan,Illumina HiSeq 2000,not collected,21.207 N 37.232 E,site21_Amph_Sud1737_ACACA-GATCAG,SINGLE,Restriction Digest,GENOMIC,Amphiprion bicinctus,ILLUMINA,2015-11-01T00:00:00Z,site21_Amph_Sud1737_ACACA-GATCAG,86,tissue,not collected,SRP064543,Ethanol,not collected,fin/gill,2015-10-07T03:53:00Z,1,,21.207,37.232
SRR2568121,OTHER,81,37481454,Dr. Michael Berumen Red Sea Research Center King Abdullah University of Science and Technology Thuwal 23955 Saudi Arabia,PRJNA294760,SAMN04151473,Model organism or animal,not collected,23816192,KING ABDULLAH UNIVERSITY OF SCIENCE AND TECHNOLOGY,Gerrit Nanninga,2013-02-11,public,not collected,"fastq,run.zq,sra","gs,ncbi,s3","gs.us-east1,ncbi.public,s3.us-east-1",Adult,not collected,SRX1309480,Sudan,Africa,Sudan,Illumina HiSeq 2000,not collected,21.207 N 37.232 E,site21_Amph_Sud1741_AACCA-TAGCTT,SINGLE,Restriction Digest,GENOMIC,Amphiprion bicinctus,ILLUMINA,2015-11-01T00:00:00Z,site21_Amph_Sud1741_AACCA-TAGCTT,87,tissue,not collected,SRP064543,Ethanol,not collected,fin/gill,2015-10-07T03:53:00Z,1,,21.207,37.232
SRR2568122,OTHER,81,31913190,Dr. Michael Berumen Red Sea Research Center King Abdullah University of Science and Technology Thuwal 23955 Saudi Arabia,PRJNA294760,SAMN04151474,Model organism or animal,not collected,20458401,KING ABDULLAH UNIVERSITY OF SCIENCE AND TECHNOLOGY,Gerrit Nanninga,2013-02-11,public,not collected,"fastq,run.zq,sra","gs,ncbi,s3","gs.us-east1,ncbi.public,s3.us-east-1",Adult,not collected,SRX1309481,Sudan,Africa,Sudan,Illumina HiSeq 2000,not collected,21.207 N 37.232 E,site21_Amph_Sud1742_ACACA-TAGCTT,SINGLE,Restriction Digest,GENOMIC,Amphiprion bicinctus,ILLUMINA,2015-11-01T00:00:00Z,site21_Amph_Sud1742_ACACA-TAGCTT,88,tissue,not collected,SRP064543,Ethanol,not collected,fin/gill,2015-10-07T03:53:00Z,1,,21.207,37.232
SRR2568123,OTHER,81,36415251,Dr. Michael Berumen Red Sea Research Center King Abdullah University of Science and Technology Thuwal 23955 Saudi Arabia,PRJNA294760,SAMN04151475,Model organism or animal,not collected,23305789,KING ABDULLAH UNIVERSITY OF SCIENCE AND TECHNOLOGY,Gerrit Nanninga,2013-02-11,public,not collected,"fastq,run.zq,sra","gs,ncbi,s3","gs.us-east1,ncbi.public,s3.us-east-1",Adult,not collected,SRX1309482,Sudan,Africa,Sudan,Illumina HiSeq 2000,not collected,21.207 N 37.232 E,site21_Amph_Sud1748_ACACA-GGCTAC,SINGLE,Restriction Digest,GENOMIC,Amphiprion bicinctus,ILLUMINA,2015-11-01T00:00:00Z,site21_Amph_Sud1748_ACACA-GGCTAC,89,tissue,not collected,SRP064543,Ethanol,not collected,fin/gill,2015-10-07T03:52:00Z,1,,21.207,37.232
SRR2568124,OTHER,81,46006947,Dr. Michael Berumen Red Sea Research Center King Abdullah University of Science and Technology Thuwal 23955 Saudi Arabia,PRJNA294760,SAMN04151476,Model organism or animal,not collected,29859276,KING ABDULLAH UNIVERSITY OF SCIENCE AND TECHNOLOGY,Gerrit Nanninga,2013-02-11,public,not collected,"fastq,run.zq,sra","gs,ncbi,s3","gs.us-east1,ncbi.public,s3.us-east-1",Adult,not collected,SRX1309483,Sudan,Africa,Sudan,Illumina HiSeq 2000,not collected,21.207 N 37.232 E,site21_Amph_Sud1749_AACCA-CTTGTA,SINGLE,Restriction Digest,GENOMIC,Amphiprion bicinctus,ILLUMINA,2015-11-01T00:00:00Z,site21_Amph_Sud1749_AACCA-CTTGTA,90,tissue,not collected,SRP064543,Ethanol,not collected,fin/gill,2015-10-07T03:52:00Z,1,,21.207,37.232
SRR2568125,OTHER,81,30110535,Dr. Michael Berumen Red Sea Research Center King Abdullah University of Science and Technology Thuwal 23955 Saudi Arabia,PRJNA294760,SAMN04151398,Model organism or animal,not collected,18262486,KING ABDULLAH UNIVERSITY OF SCIENCE AND TECHNOLOGY,Gerrit Nanninga,2012-10-01,public,not collected,"fastq,run.zq,sra","gs,ncbi,s3","gs.us-east1,ncbi.public,s3.us-east-1",Adult,not collected,SRX1309484,Djibouti,Africa,Djibouti,Illumina HiSeq 2000,not collected,11.721 N 43.165 E,site06_Amph_Dij1600_ATGAG-CAGATC,SINGLE,Restriction Digest,GENOMIC,Amphiprion bicinctus,ILLUMINA,2015-11-01T00:00:00Z,site06_Amph_Dij1600_ATGAG-CAGATC,12,tissue,not collected,SRP064543,Ethanol,not collected,fin/gill,2015-10-07T03:52:00Z,1,,11.721,43.165
SRR2568126,OTHER,81,44022366,Dr. Michael Berumen Red Sea Research Center King Abdullah University of Science and Technology Thuwal 23955 Saudi Arabia,PRJNA294760,SAMN04151477,Model organism or animal,not collected,28525239,KING ABDULLAH UNIVERSITY OF SCIENCE AND TECHNOLOGY,Gerrit Nanninga,2013-02-11,public,not collected,"fastq,run.zq,sra","gs,ncbi,s3","gs.us-east1,ncbi.public,s3.us-east-1",Adult,not collected,SRX1309485,Sudan,Africa,Sudan,Illumina HiSeq 2000,not collected,21.207 N 37.232 E,site21_Amph_Sud1750_ACACA-CTTGTA,SINGLE,Restriction Digest,GENOMIC,Amphiprion bicinctus,ILLUMINA,2015-11-01T00:00:00Z,site21_Amph_Sud1750_ACACA-CTTGTA,91,tissue,not collected,SRP064543,Ethanol,not collected,fin/gill,2015-10-07T03:52:00Z,1,,21.207,37.232
SRR2568127,OTHER,81,20967903,Dr. Michael Berumen Red Sea Research Center King Abdullah University of Science and Technology Thuwal 23955 Saudi Arabia,PRJNA294760,SAMN04151478,Model organism or animal,not collected,13137301,KING ABDULLAH UNIVERSITY OF SCIENCE AND TECHNOLOGY,Gerrit Nanninga,2010-01-10,public,not collected,"fastq,run.zq,sra","gs,ncbi,s3","gs.us-east1,ncbi.public,s3.us-east-1",Adult,not collected,SRX1309486,Saudi Arabia,Asia,Saudi Arabia: Abu Terr,Illumina HiSeq 2000,not collected,21.676 N 38.841 E,site22_Amph_AT10_CGATC-CAGATC,SINGLE,Restriction Digest,GENOMIC,Amphiprion bicinctus,ILLUMINA,2015-11-01T00:00:00Z,site22_Amph_AT10_CGATC-CAGATC,92,tissue,not collected,SRP064543,Ethanol,not collected,fin/gill,2015-10-07T03:52:00Z,1,,21.676,38.841
SRR2568128,OTHER,81,49103091,Dr. Michael Berumen Red Sea Research Center King Abdullah University of Science and Technology Thuwal 23955 Saudi Arabia,PRJNA294760,SAMN04151479,Model organism or animal,not collected,30761129,KING ABDULLAH UNIVERSITY OF SCIENCE AND TECHNOLOGY,Gerrit Nanninga,2010-01-10,public,not collected,"fastq,run.zq,sra","gs,ncbi,s3","gs.us-east1,ncbi.public,s3.us-east-1",Adult,not collected,SRX1309487,Saudi Arabia,Asia,Saudi Arabia: Abu Terr,Illumina HiSeq 2000,not collected,21.676 N 38.841 E,site22_Amph_AT11_AATTA-CAGATC,SINGLE,Restriction Digest,GENOMIC,Amphiprion bicinctus,ILLUMINA,2015-11-01T00:00:00Z,site22_Amph_AT11_AATTA-CAGATC,93,tissue,not collected,SRP064543,Ethanol,not collected,fin/gill,2015-10-07T03:52:00Z,1,,21.676,38.841
SRR2568129,OTHER,81,79648920,Dr. Michael Berumen Red Sea Research Center King Abdullah University of Science and Technology Thuwal 23955 Saudi Arabia,PRJNA294760,SAMN04151480,Model organism or animal,not collected,51367945,KING ABDULLAH UNIVERSITY OF SCIENCE AND TECHNOLOGY,Gerrit Nanninga,2010-01-10,public,not collected,"fastq,run.zq,sra","gs,ncbi,s3","gs.us-east1,ncbi.public,s3.us-east-1",Adult,not collected,SRX1309488,Saudi Arabia,Asia,Saudi Arabia: Abu Terr,Illumina HiSeq 2000,not collected,21.676 N 38.841 E,site22_Amph_AT13_AATTA-ACTTGA,SINGLE,Restriction Digest,GENOMIC,Amphiprion bicinctus,ILLUMINA,2015-11-01T00:00:00Z,site22_Amph_AT13_AATTA-ACTTGA,94,tissue,not collected,SRP064543,Ethanol,not collected,fin/gill,2015-10-07T03:52:00Z,1,,21.676,38.841
SRR2568130,OTHER,81,45004815,Dr. Michael Berumen Red Sea Research Center King Abdullah University of Science and Technology Thuwal 23955 Saudi Arabia,PRJNA294760,SAMN04151481,Model organism or animal,not collected,30019003,KING ABDULLAH UNIVERSITY OF SCIENCE AND TECHNOLOGY,Gerrit Nanninga,2010-01-10,public,not collected,"fastq,run.zq,sra","gs,ncbi,s3","gs.us-east1,ncbi.public,s3.us-east-1",Adult,not collected,SRX1309489,Saudi Arabia,Asia,Saudi Arabia: Abu Terr,Illumina HiSeq 2000,not collected,21.676 N 38.841 E,site22_Amph_AT14_CGATC-GATCAG,SINGLE,Restriction Digest,GENOMIC,Amphiprion bicinctus,ILLUMINA,2015-11-01T00:00:00Z,site22_Amph_AT14_CGATC-GATCAG,95,tissue,not collected,SRP064543,Ethanol,not collected,fin/gill,2015-10-07T03:55:00Z,1,,21.676,38.841
SRR2568131,OTHER,81,162592758,Dr. Michael Berumen Red Sea Research Center King Abdullah University of Science and Technology Thuwal 23955 Saudi Arabia,PRJNA294760,SAMN04151482,Model organism or animal,not collected,106734599,KING ABDULLAH UNIVERSITY OF SCIENCE AND TECHNOLOGY,Gerrit Nanninga,2010-01-10,public,not collected,"fastq,run.zq,sra","gs,ncbi,s3","gs.us-east1,ncbi.public,s3.us-east-1",Adult,not collected,SRX1309490,Saudi Arabia,Asia,Saudi Arabia: Abu Terr,Illumina HiSeq 2000,not collected,21.676 N 38.841 E,site22_Amph_AT15_AATTA-GATCAG,SINGLE,Restriction Digest,GENOMIC,Amphiprion bicinctus,ILLUMINA,2015-11-01T00:00:00Z,site22_Amph_AT15_AATTA-GATCAG,96,tissue,not collected,SRP064543,Ethanol,not collected,fin/gill,2015-10-07T03:56:00Z,1,,21.676,38.841
SRR2568132,OTHER,81,66516309,Dr. Michael Berumen Red Sea Research Center King Abdullah University of Science and Technology Thuwal 23955 Saudi Arabia,PRJNA294760,SAMN04151483,Model organism or animal,not collected,44340063,KING ABDULLAH UNIVERSITY OF SCIENCE AND TECHNOLOGY,Gerrit Nanninga,2010-01-10,public,not collected,"fastq,run.zq,sra","gs,ncbi,s3","gs.us-east1,ncbi.public,s3.us-east-1",Adult,not collected,SRX1309491,Saudi Arabia,Asia,Saudi Arabia: Abu Terr,Illumina HiSeq 2000,not collected,21.676 N 38.841 E,site22_Amph_AT16_CGATC-TAGCTT,SINGLE,Restriction Digest,GENOMIC,Amphiprion bicinctus,ILLUMINA,2015-11-01T00:00:00Z,site22_Amph_AT16_CGATC-TAGCTT,97,tissue,not collected,SRP064543,Ethanol,not collected,fin/gill,2015-10-07T03:56:00Z,1,,21.676,38.841
SRR2568133,OTHER,81,107082405,Dr. Michael Berumen Red Sea Research Center King Abdullah University of Science and Technology Thuwal 23955 Saudi Arabia,PRJNA294760,SAMN04151484,Model organism or animal,not collected,70583909,KING ABDULLAH UNIVERSITY OF SCIENCE AND TECHNOLOGY,Gerrit Nanninga,2010-01-10,public,not collected,"fastq,run.zq,sra","gs,ncbi,s3","gs.us-east1,ncbi.public,s3.us-east-1",Adult,not collected,SRX1309492,Saudi Arabia,Asia,Saudi Arabia: Abu Terr,Illumina HiSeq 2000,not collected,21.676 N 38.841 E,site22_Amph_AT17_AATTA-TAGCTT,SINGLE,Restriction Digest,GENOMIC,Amphiprion bicinctus,ILLUMINA,2015-11-01T00:00:00Z,site22_Amph_AT17_AATTA-TAGCTT,98,tissue,not collected,SRP064543,Ethanol,not collected,fin/gill,2015-10-07T03:56:00Z,1,,21.676,38.841
SRR2568134,OTHER,81,40116384,Dr. Michael Berumen Red Sea Research Center King Abdullah University of Science and Technology Thuwal 23955 Saudi Arabia,PRJNA294760,SAMN04151485,Model organism or animal,not collected,26575548,KING ABDULLAH UNIVERSITY OF SCIENCE AND TECHNOLOGY,Gerrit Nanninga,2010-01-10,public,not collected,"fastq,run.zq,sra","gs,ncbi,s3","gs.us-east1,ncbi.public,s3.us-east-1",Adult,not collected,SRX1309493,Saudi Arabia,Asia,Saudi Arabia: Abu Terr,Illumina HiSeq 2000,not collected,21.676 N 38.841 E,site22_Amph_AT18_CGATC-GGCTAC,SINGLE,Restriction Digest,GENOMIC,Amphiprion bicinctus,ILLUMINA,2015-11-01T00:00:00Z,site22_Amph_AT18_CGATC-GGCTAC,99,tissue,not collected,SRP064543,Ethanol,not collected,fin/gill,2015-10-07T03:55:00Z,1,,21.676,38.841
SRR2568135,OTHER,81,159408000,Dr. Michael Berumen Red Sea Research Center King Abdullah University of Science and Technology Thuwal 23955 Saudi Arabia,PRJNA294760,SAMN04151486,Model organism or animal,not collected,104578336,KING ABDULLAH UNIVERSITY OF SCIENCE AND TECHNOLOGY,Gerrit Nanninga,2010-01-10,public,not collected,"fastq,run.zq,sra","gs,ncbi,s3","gs.us-east1,ncbi.public,s3.us-east-1",Adult,not collected,SRX1309494,Saudi Arabia,Asia,Saudi Arabia: Abu Terr,Illumina HiSeq 2000,not collected,21.676 N 38.841 E,site22_Amph_AT19_AATTA-GGCTAC,SINGLE,Restriction Digest,GENOMIC,Amphiprion bicinctus,ILLUMINA,2015-11-01T00:00:00Z,site22_Amph_AT19_AATTA-GGCTAC,100,tissue,not collected,SRP064543,Ethanol,not collected,fin/gill,2015-10-07T03:56:00Z,1,,21.676,38.841
