Run,Assay.Type,AvgSpotLen,Bases,BioProject,BioSample,Bytes,Center.Name,common_name,Consent,DATASTORE.filetype,DATASTORE.provider,DATASTORE.region,ENA.FIRST.PUBLIC..run.,ena_first_public,ENA.LAST.UPDATE..run.,ena_last_update,Experiment,external_id,geo_loc_name_country,geo_loc_name_country_continent,geographic_location_.country_and.or_sea.,geo_loc_name,INSDC_center_name,INSDC_first_public,INSDC_last_update,INSDC_status,Instrument,Library.Name,LibraryLayout,LibrarySelection,LibrarySource,Organism,Platform,ReleaseDate,create_date,version,Sample.Name,sample_name,Scientific_Name,SRA.Study,Submitter_Id,latitude,longitude
ERR3950789,RAD-Seq,96,87123648,PRJEB36904,SAMEA6586580,53792051,UNIVERSITY OF EXETER,Nassau grouper,public,"run.zq,sra","gs,ncbi,s3","gs.us-east1,ncbi.public,s3.us-east-1",26/02/2020,2020-02-26T17:08:16Z,25/02/2020,2020-02-24T19:36:03Z,ERX3958594,SAMEA6586580,Bahamas,North America,Bahamas,Abaco,UNIVERSITY OF EXETER,2020-02-26T17:08:16Z,2020-02-24T19:36:03Z,public,Illumina HiSeq 2500,unspecified,SINGLE,PCR,GENOMIC,Epinephelus striatus,ILLUMINA,2020-02-28T00:00:00Z,2020-06-18T00:27:00Z,1,SAMEA6586580,AB13,Epinephelus striatus,ERP120163,AB13,26.29674,-77.534347
ERR3950790,RAD-Seq,96,53343840,PRJEB36904,SAMEA6586581,32992015,UNIVERSITY OF EXETER,Nassau grouper,public,"run.zq,sra","gs,ncbi,s3","gs.us-east1,ncbi.public,s3.us-east-1",26/02/2020,2020-02-26T17:08:16Z,25/02/2020,2020-02-24T19:36:03Z,ERX3958595,SAMEA6586581,Bahamas,North America,Bahamas,Abaco,UNIVERSITY OF EXETER,2020-02-26T17:08:16Z,2020-02-24T19:36:03Z,public,Illumina HiSeq 2500,unspecified,SINGLE,PCR,GENOMIC,Epinephelus striatus,ILLUMINA,2020-02-28T00:00:00Z,2020-06-18T00:27:00Z,1,SAMEA6586581,AB19,Epinephelus striatus,ERP120163,AB19,26.29674,-77.534347
ERR3950791,RAD-Seq,96,74881824,PRJEB36904,SAMEA6586582,46189316,UNIVERSITY OF EXETER,Nassau grouper,public,"run.zq,sra","gs,ncbi,s3","gs.us-east1,ncbi.public,s3.us-east-1",26/02/2020,2020-02-26T17:08:16Z,25/02/2020,2020-02-24T19:36:03Z,ERX3958596,SAMEA6586582,Bahamas,North America,Bahamas,Abaco,UNIVERSITY OF EXETER,2020-02-26T17:08:16Z,2020-02-24T19:36:03Z,public,Illumina HiSeq 2500,unspecified,SINGLE,PCR,GENOMIC,Epinephelus striatus,ILLUMINA,2020-02-28T00:00:00Z,2020-06-18T00:27:00Z,1,SAMEA6586582,AB28,Epinephelus striatus,ERP120163,AB28,26.29674,-77.534347
ERR3950792,RAD-Seq,96,75736608,PRJEB36904,SAMEA6586583,46863323,UNIVERSITY OF EXETER,Nassau grouper,public,"run.zq,sra","gs,ncbi,s3","gs.us-east1,ncbi.public,s3.us-east-1",26/02/2020,2020-02-26T17:08:16Z,25/02/2020,2020-02-24T19:36:03Z,ERX3958597,SAMEA6586583,Bahamas,North America,Bahamas,Abaco,UNIVERSITY OF EXETER,2020-02-26T17:08:16Z,2020-02-24T19:36:03Z,public,Illumina HiSeq 2500,unspecified,SINGLE,PCR,GENOMIC,Epinephelus striatus,ILLUMINA,2020-02-28T00:00:00Z,2020-06-18T00:27:00Z,1,SAMEA6586583,AB34,Epinephelus striatus,ERP120163,AB34,26.29674,-77.534347
ERR3950793,RAD-Seq,96,96621312,PRJEB36904,SAMEA6586584,59526721,UNIVERSITY OF EXETER,Nassau grouper,public,"run.zq,sra","gs,ncbi,s3","gs.us-east1,ncbi.public,s3.us-east-1",26/02/2020,2020-02-26T17:08:16Z,25/02/2020,2020-02-24T19:36:03Z,ERX3958598,SAMEA6586584,Bahamas,North America,Bahamas,Abaco,UNIVERSITY OF EXETER,2020-02-26T17:08:16Z,2020-02-24T19:36:03Z,public,Illumina HiSeq 2500,unspecified,SINGLE,PCR,GENOMIC,Epinephelus striatus,ILLUMINA,2020-02-28T00:00:00Z,2020-06-18T00:27:00Z,1,SAMEA6586584,AB38,Epinephelus striatus,ERP120163,AB38,26.29674,-77.534347
ERR3950794,RAD-Seq,96,51372096,PRJEB36904,SAMEA6586585,31831466,UNIVERSITY OF EXETER,Nassau grouper,public,"run.zq,sra","gs,ncbi,s3","gs.us-east1,ncbi.public,s3.us-east-1",26/02/2020,2020-02-26T17:08:16Z,25/02/2020,2020-02-24T19:36:03Z,ERX3958599,SAMEA6586585,Bahamas,North America,Bahamas,Abaco,UNIVERSITY OF EXETER,2020-02-26T17:08:16Z,2020-02-24T19:36:03Z,public,Illumina HiSeq 2500,unspecified,SINGLE,PCR,GENOMIC,Epinephelus striatus,ILLUMINA,2020-02-28T00:00:00Z,2020-09-10T21:07:00Z,1,SAMEA6586585,AB3,Epinephelus striatus,ERP120163,AB3,26.29674,-77.534347
ERR3950795,RAD-Seq,96,124374240,PRJEB36904,SAMEA6586586,76742996,UNIVERSITY OF EXETER,Nassau grouper,public,"run.zq,sra","gs,ncbi,s3","gs.us-east1,ncbi.public,s3.us-east-1",26/02/2020,2020-02-26T17:08:16Z,25/02/2020,2020-02-24T19:36:03Z,ERX3958600,SAMEA6586586,Bahamas,North America,Bahamas,Abaco,UNIVERSITY OF EXETER,2020-02-26T17:08:16Z,2020-02-24T19:36:03Z,public,Illumina HiSeq 2500,unspecified,SINGLE,PCR,GENOMIC,Epinephelus striatus,ILLUMINA,2020-02-28T00:00:00Z,2020-06-18T00:28:00Z,1,SAMEA6586586,AB42,Epinephelus striatus,ERP120163,AB42,26.29674,-77.534347
ERR3950796,RAD-Seq,96,101168352,PRJEB36904,SAMEA6586587,57829905,UNIVERSITY OF EXETER,Nassau grouper,public,"fastq,run.zq,sra","gs,ncbi,s3","gs.us-east1,ncbi.public,s3.us-east-1",26/02/2020,2020-02-26T17:08:16Z,25/02/2020,2020-02-24T19:36:03Z,ERX3958601,SAMEA6586587,Bahamas,North America,Bahamas,Abaco,UNIVERSITY OF EXETER,2020-02-26T17:08:16Z,2020-02-24T19:36:03Z,public,Illumina HiSeq 2500,unspecified,SINGLE,PCR,GENOMIC,Epinephelus striatus,ILLUMINA,2020-02-28T00:00:00Z,2020-11-11T11:01:00Z,1,SAMEA6586587,AB46,Epinephelus striatus,ERP120163,AB46,26.29674,-77.534347
ERR3950797,RAD-Seq,96,59971200,PRJEB36904,SAMEA6586588,34183970,UNIVERSITY OF EXETER,Nassau grouper,public,"fastq,run.zq,sra","gs,ncbi,s3","gs.us-east1,ncbi.public,s3.us-east-1",26/02/2020,2020-02-26T17:08:16Z,25/02/2020,2020-02-24T19:36:03Z,ERX3958602,SAMEA6586588,Bahamas,North America,Bahamas,Abaco,UNIVERSITY OF EXETER,2020-02-26T17:08:16Z,2020-02-24T19:36:03Z,public,Illumina HiSeq 2500,unspecified,SINGLE,PCR,GENOMIC,Epinephelus striatus,ILLUMINA,2020-02-28T00:00:00Z,2020-11-11T11:01:00Z,1,SAMEA6586588,AB5,Epinephelus striatus,ERP120163,AB5,26.29674,-77.534347
ERR3950798,RAD-Seq,96,75638112,PRJEB36904,SAMEA6586589,43187915,UNIVERSITY OF EXETER,Nassau grouper,public,"fastq,run.zq,sra","gs,ncbi,s3","gs.us-east1,ncbi.public,s3.us-east-1",26/02/2020,2020-02-26T17:08:16Z,25/02/2020,2020-02-24T19:36:03Z,ERX3958603,SAMEA6586589,Bahamas,North America,Bahamas,Abaco,UNIVERSITY OF EXETER,2020-02-26T17:08:16Z,2020-02-24T19:36:03Z,public,Illumina HiSeq 2500,unspecified,SINGLE,PCR,GENOMIC,Epinephelus striatus,ILLUMINA,2020-02-28T00:00:00Z,2020-11-11T11:01:00Z,1,SAMEA6586589,AB8,Epinephelus striatus,ERP120163,AB8,26.29674,-77.534347
ERR3950799,RAD-Seq,96,88716000,PRJEB36904,SAMEA6586590,50687859,UNIVERSITY OF EXETER,Nassau grouper,public,"fastq,run.zq,sra","gs,ncbi,s3","gs.us-east1,ncbi.public,s3.us-east-1",26/02/2020,2020-02-26T17:08:16Z,25/02/2020,2020-02-24T19:36:03Z,ERX3958604,SAMEA6586590,Bahamas,North America,Bahamas,Andros,UNIVERSITY OF EXETER,2020-02-26T17:08:16Z,2020-02-24T19:36:03Z,public,Illumina HiSeq 2500,unspecified,SINGLE,PCR,GENOMIC,Epinephelus striatus,ILLUMINA,2020-02-28T00:00:00Z,2020-11-11T11:01:00Z,1,SAMEA6586590,AN013,Epinephelus striatus,ERP120163,AN013,24.52885,-77.701774
ERR3950800,RAD-Seq,96,19420032,PRJEB36904,SAMEA6586591,11169575,UNIVERSITY OF EXETER,Nassau grouper,public,"fastq,run.zq,sra","gs,ncbi,s3","gs.us-east1,ncbi.public,s3.us-east-1",26/02/2020,2020-02-26T17:08:16Z,25/02/2020,2020-02-24T19:36:03Z,ERX3958605,SAMEA6586591,Bahamas,North America,Bahamas,Andros,UNIVERSITY OF EXETER,2020-02-26T17:08:16Z,2020-02-24T19:36:03Z,public,Illumina HiSeq 2500,unspecified,SINGLE,PCR,GENOMIC,Epinephelus striatus,ILLUMINA,2020-02-28T00:00:00Z,2020-11-11T11:01:00Z,1,SAMEA6586591,AN026,Epinephelus striatus,ERP120163,AN026,24.52885,-77.701774
ERR3950801,RAD-Seq,96,106223232,PRJEB36904,SAMEA6586592,61026530,UNIVERSITY OF EXETER,Nassau grouper,public,"fastq,run.zq,sra","gs,ncbi,s3","gs.us-east1,ncbi.public,s3.us-east-1",26/02/2020,2020-02-26T17:08:16Z,25/02/2020,2020-02-24T19:36:03Z,ERX3958606,SAMEA6586592,Bahamas,North America,Bahamas,Andros,UNIVERSITY OF EXETER,2020-02-26T17:08:16Z,2020-02-24T19:36:03Z,public,Illumina HiSeq 2500,unspecified,SINGLE,PCR,GENOMIC,Epinephelus striatus,ILLUMINA,2020-02-28T00:00:00Z,2020-11-11T11:01:00Z,1,SAMEA6586592,AN075,Epinephelus striatus,ERP120163,AN075,24.52885,-77.701774
ERR3950802,RAD-Seq,96,103861248,PRJEB36904,SAMEA6586593,59614863,UNIVERSITY OF EXETER,Nassau grouper,public,"fastq,run.zq,sra","gs,ncbi,s3","gs.us-east1,ncbi.public,s3.us-east-1",26/02/2020,2020-02-26T17:08:16Z,25/02/2020,2020-02-24T19:36:03Z,ERX3958607,SAMEA6586593,Bahamas,North America,Bahamas,Andros,UNIVERSITY OF EXETER,2020-02-26T17:08:16Z,2020-02-24T19:36:03Z,public,Illumina HiSeq 2500,unspecified,SINGLE,PCR,GENOMIC,Epinephelus striatus,ILLUMINA,2020-02-28T00:00:00Z,2020-11-11T11:01:00Z,1,SAMEA6586593,AN098,Epinephelus striatus,ERP120163,AN098,24.52885,-77.701774
ERR3950803,RAD-Seq,96,103899360,PRJEB36904,SAMEA6586594,59806362,UNIVERSITY OF EXETER,Nassau grouper,public,"fastq,run.zq,sra","gs,ncbi,s3","gs.us-east1,ncbi.public,s3.us-east-1",26/02/2020,2020-02-26T17:08:16Z,25/02/2020,2020-02-24T19:36:03Z,ERX3958608,SAMEA6586594,Bahamas,North America,Bahamas,Andros,UNIVERSITY OF EXETER,2020-02-26T17:08:16Z,2020-02-24T19:36:03Z,public,Illumina HiSeq 2500,unspecified,SINGLE,PCR,GENOMIC,Epinephelus striatus,ILLUMINA,2020-02-28T00:00:00Z,2020-11-11T11:02:00Z,1,SAMEA6586594,AN151,Epinephelus striatus,ERP120163,AN151,24.52885,-77.701774
ERR3950804,RAD-Seq,96,62058240,PRJEB36904,SAMEA6586595,36544249,UNIVERSITY OF EXETER,Nassau grouper,public,"fastq,run.zq,sra","gs,ncbi,s3","gs.us-east1,ncbi.public,s3.us-east-1",26/02/2020,2020-02-26T17:08:16Z,25/02/2020,2020-02-24T19:36:03Z,ERX3958609,SAMEA6586595,Bahamas,North America,Bahamas,Andros,UNIVERSITY OF EXETER,2020-02-26T17:08:16Z,2020-02-24T19:36:03Z,public,Illumina HiSeq 2500,unspecified,SINGLE,PCR,GENOMIC,Epinephelus striatus,ILLUMINA,2020-02-28T00:00:00Z,2020-11-11T11:02:00Z,1,SAMEA6586595,AN153,Epinephelus striatus,ERP120163,AN153,24.52885,-77.701774
ERR3950805,RAD-Seq,96,102308736,PRJEB36904,SAMEA6586596,58830773,UNIVERSITY OF EXETER,Nassau grouper,public,"fastq,run.zq,sra","gs,ncbi,s3","gs.us-east1,ncbi.public,s3.us-east-1",26/02/2020,2020-02-26T17:08:16Z,25/02/2020,2020-02-24T19:36:03Z,ERX3958610,SAMEA6586596,Bahamas,North America,Bahamas,Andros,UNIVERSITY OF EXETER,2020-02-26T17:08:16Z,2020-02-24T19:36:03Z,public,Illumina HiSeq 2500,unspecified,SINGLE,PCR,GENOMIC,Epinephelus striatus,ILLUMINA,2020-02-28T00:00:00Z,2020-11-11T11:02:00Z,1,SAMEA6586596,AN161,Epinephelus striatus,ERP120163,AN161,24.52885,-77.701774
ERR3950806,RAD-Seq,96,81507456,PRJEB36904,SAMEA6586597,46556495,UNIVERSITY OF EXETER,Nassau grouper,public,"fastq,run.zq,sra","gs,ncbi,s3","gs.us-east1,ncbi.public,s3.us-east-1",26/02/2020,2020-02-26T17:08:16Z,25/02/2020,2020-02-24T19:36:03Z,ERX3958611,SAMEA6586597,Bahamas,North America,Bahamas,Andros,UNIVERSITY OF EXETER,2020-02-26T17:08:16Z,2020-02-24T19:36:03Z,public,Illumina HiSeq 2500,unspecified,SINGLE,PCR,GENOMIC,Epinephelus striatus,ILLUMINA,2020-02-28T00:00:00Z,2020-11-11T11:01:00Z,1,SAMEA6586597,AN163,Epinephelus striatus,ERP120163,AN163,24.52885,-77.701774
ERR3950807,RAD-Seq,96,123859968,PRJEB36904,SAMEA6586598,78067991,UNIVERSITY OF EXETER,Nassau grouper,public,"run.zq,sra","gs,ncbi,s3","gs.us-east1,ncbi.public,s3.us-east-1",26/02/2020,2020-02-26T17:08:16Z,25/02/2020,2020-02-24T19:36:03Z,ERX3958612,SAMEA6586598,Bahamas,North America,Bahamas,Andros,UNIVERSITY OF EXETER,2020-02-26T17:08:16Z,2020-02-24T19:36:03Z,public,Illumina HiSeq 2500,unspecified,SINGLE,PCR,GENOMIC,Epinephelus striatus,ILLUMINA,2020-02-28T00:00:00Z,2020-06-18T00:27:00Z,1,SAMEA6586598,AN175,Epinephelus striatus,ERP120163,AN175,24.52885,-77.701774
ERR3950808,RAD-Seq,96,65180640,PRJEB36904,SAMEA6586599,40264180,UNIVERSITY OF EXETER,Nassau grouper,public,"run.zq,sra","gs,ncbi,s3","gs.us-east1,ncbi.public,s3.us-east-1",26/02/2020,2020-02-26T17:08:16Z,25/02/2020,2020-02-24T19:36:03Z,ERX3958613,SAMEA6586599,Bahamas,North America,Bahamas,Andros,UNIVERSITY OF EXETER,2020-02-26T17:08:16Z,2020-02-24T19:36:03Z,public,Illumina HiSeq 2500,unspecified,SINGLE,PCR,GENOMIC,Epinephelus striatus,ILLUMINA,2020-02-28T00:00:00Z,2020-09-10T21:07:00Z,1,SAMEA6586599,AN192,Epinephelus striatus,ERP120163,AN192,24.52885,-77.701774
ERR3950809,RAD-Seq,96,113399328,PRJEB36904,SAMEA6586600,70364056,UNIVERSITY OF EXETER,Nassau grouper,public,"run.zq,sra","gs,ncbi,s3","gs.us-east1,ncbi.public,s3.us-east-1",26/02/2020,2020-02-26T17:08:16Z,25/02/2020,2020-02-24T19:36:03Z,ERX3958614,SAMEA6586600,Bahamas,North America,Bahamas,Eleuthera,UNIVERSITY OF EXETER,2020-02-26T17:08:16Z,2020-02-24T19:36:03Z,public,Illumina HiSeq 2500,unspecified,SINGLE,PCR,GENOMIC,Epinephelus striatus,ILLUMINA,2020-02-28T00:00:00Z,2020-09-10T21:07:00Z,1,SAMEA6586600,EL0931,Epinephelus striatus,ERP120163,EL0931,25.213777,-76.119112
ERR3950810,RAD-Seq,96,69993504,PRJEB36904,SAMEA6586601,43418485,UNIVERSITY OF EXETER,Nassau grouper,public,"run.zq,sra","gs,ncbi,s3","gs.us-east1,ncbi.public,s3.us-east-1",26/02/2020,2020-02-26T17:08:16Z,25/02/2020,2020-02-24T19:36:03Z,ERX3958615,SAMEA6586601,Bahamas,North America,Bahamas,Eleuthera,UNIVERSITY OF EXETER,2020-02-26T17:08:16Z,2020-02-24T19:36:03Z,public,Illumina HiSeq 2500,unspecified,SINGLE,PCR,GENOMIC,Epinephelus striatus,ILLUMINA,2020-02-28T00:00:00Z,2020-09-10T21:08:00Z,1,SAMEA6586601,EL0976,Epinephelus striatus,ERP120163,EL0976,25.213777,-76.119112
ERR3950811,RAD-Seq,96,134721312,PRJEB36904,SAMEA6586602,83584249,UNIVERSITY OF EXETER,Nassau grouper,public,"run.zq,sra","gs,ncbi,s3","gs.us-east1,ncbi.public,s3.us-east-1",26/02/2020,2020-02-26T17:08:16Z,25/02/2020,2020-02-24T19:36:03Z,ERX3958616,SAMEA6586602,Bahamas,North America,Bahamas,Eleuthera,UNIVERSITY OF EXETER,2020-02-26T17:08:16Z,2020-02-24T19:36:03Z,public,Illumina HiSeq 2500,unspecified,SINGLE,PCR,GENOMIC,Epinephelus striatus,ILLUMINA,2020-02-28T00:00:00Z,2020-06-18T00:28:00Z,1,SAMEA6586602,EL0977,Epinephelus striatus,ERP120163,EL0977,25.213777,-76.119112
ERR3950812,RAD-Seq,96,154879776,PRJEB36904,SAMEA6586603,100468017,UNIVERSITY OF EXETER,Nassau grouper,public,"run.zq,sra","gs,ncbi,s3","gs.us-east1,ncbi.public,s3.us-east-1",26/02/2020,2020-02-26T17:08:16Z,25/02/2020,2020-02-24T19:36:03Z,ERX3958617,SAMEA6586603,Bahamas,North America,Bahamas,Eleuthera,UNIVERSITY OF EXETER,2020-02-26T17:08:16Z,2020-02-24T19:36:03Z,public,Illumina HiSeq 2500,unspecified,SINGLE,PCR,GENOMIC,Epinephelus striatus,ILLUMINA,2020-02-28T00:00:00Z,2020-09-10T21:08:00Z,1,SAMEA6586603,EL0982,Epinephelus striatus,ERP120163,EL0982,25.213777,-76.119112
ERR3950813,RAD-Seq,96,68682624,PRJEB36904,SAMEA6586604,42377754,UNIVERSITY OF EXETER,Nassau grouper,public,"run.zq,sra","gs,ncbi,s3","gs.us-east1,ncbi.public,s3.us-east-1",26/02/2020,2020-02-26T17:08:16Z,25/02/2020,2020-02-24T19:36:03Z,ERX3958618,SAMEA6586604,Bahamas,North America,Bahamas,Eleuthera,UNIVERSITY OF EXETER,2020-02-26T17:08:16Z,2020-02-24T19:36:03Z,public,Illumina HiSeq 2500,unspecified,SINGLE,PCR,GENOMIC,Epinephelus striatus,ILLUMINA,2020-02-28T00:00:00Z,2020-09-10T21:08:00Z,1,SAMEA6586604,EL0984,Epinephelus striatus,ERP120163,EL0984,25.213777,-76.119112
ERR3950814,RAD-Seq,96,143424480,PRJEB36904,SAMEA6586605,89279764,UNIVERSITY OF EXETER,Nassau grouper,public,"run.zq,sra","gs,ncbi,s3","gs.us-east1,ncbi.public,s3.us-east-1",26/02/2020,2020-02-26T17:08:16Z,25/02/2020,2020-02-24T19:36:03Z,ERX3958619,SAMEA6586605,Bahamas,North America,Bahamas,Eleuthera,UNIVERSITY OF EXETER,2020-02-26T17:08:16Z,2020-02-24T19:36:03Z,public,Illumina HiSeq 2500,unspecified,SINGLE,PCR,GENOMIC,Epinephelus striatus,ILLUMINA,2020-02-28T00:00:00Z,2020-06-18T00:28:00Z,1,SAMEA6586605,EL0989,Epinephelus striatus,ERP120163,EL0989,25.213777,-76.119112
ERR3950815,RAD-Seq,96,137885376,PRJEB36904,SAMEA6586606,85485349,UNIVERSITY OF EXETER,Nassau grouper,public,"run.zq,sra","gs,ncbi,s3","gs.us-east1,ncbi.public,s3.us-east-1",26/02/2020,2020-02-26T17:08:16Z,25/02/2020,2020-02-24T19:36:03Z,ERX3958620,SAMEA6586606,Bahamas,North America,Bahamas,Eleuthera,UNIVERSITY OF EXETER,2020-02-26T17:08:16Z,2020-02-24T19:36:03Z,public,Illumina HiSeq 2500,unspecified,SINGLE,PCR,GENOMIC,Epinephelus striatus,ILLUMINA,2020-02-28T00:00:00Z,2020-06-18T00:28:00Z,1,SAMEA6586606,EL0990,Epinephelus striatus,ERP120163,EL0990,25.213777,-76.119112
ERR3950816,RAD-Seq,96,144055200,PRJEB36904,SAMEA6586607,89649319,UNIVERSITY OF EXETER,Nassau grouper,public,"run.zq,sra","gs,ncbi,s3","gs.us-east1,ncbi.public,s3.us-east-1",26/02/2020,2020-02-26T17:08:16Z,25/02/2020,2020-02-24T19:36:03Z,ERX3958621,SAMEA6586607,Bahamas,North America,Bahamas,Eleuthera,UNIVERSITY OF EXETER,2020-02-26T17:08:16Z,2020-02-24T19:36:03Z,public,Illumina HiSeq 2500,unspecified,SINGLE,PCR,GENOMIC,Epinephelus striatus,ILLUMINA,2020-02-28T00:00:00Z,2020-06-18T00:28:00Z,1,SAMEA6586607,EL0991,Epinephelus striatus,ERP120163,EL0991,25.213777,-76.119112
ERR3950817,RAD-Seq,96,98666400,PRJEB36904,SAMEA6586608,61468999,UNIVERSITY OF EXETER,Nassau grouper,public,"run.zq,sra","gs,ncbi,s3","gs.us-east1,ncbi.public,s3.us-east-1",26/02/2020,2020-02-26T17:08:16Z,25/02/2020,2020-02-24T19:36:03Z,ERX3958622,SAMEA6586608,Bahamas,North America,Bahamas,Eleuthera,UNIVERSITY OF EXETER,2020-02-26T17:08:16Z,2020-02-24T19:36:03Z,public,Illumina HiSeq 2500,unspecified,SINGLE,PCR,GENOMIC,Epinephelus striatus,ILLUMINA,2020-02-28T00:00:00Z,2020-06-18T00:28:00Z,1,SAMEA6586608,EL0993,Epinephelus striatus,ERP120163,EL0993,25.213777,-76.119112
ERR3950818,RAD-Seq,96,150105696,PRJEB36904,SAMEA6586609,93926245,UNIVERSITY OF EXETER,Nassau grouper,public,"run.zq,sra","gs,ncbi,s3","gs.us-east1,ncbi.public,s3.us-east-1",26/02/2020,2020-02-26T17:08:16Z,25/02/2020,2020-02-24T19:36:03Z,ERX3958623,SAMEA6586609,Bahamas,North America,Bahamas,Eleuthera,UNIVERSITY OF EXETER,2020-02-26T17:08:16Z,2020-02-24T19:36:03Z,public,Illumina HiSeq 2500,unspecified,SINGLE,PCR,GENOMIC,Epinephelus striatus,ILLUMINA,2020-02-28T00:00:00Z,2020-06-18T00:28:00Z,1,SAMEA6586609,EL0997,Epinephelus striatus,ERP120163,EL0997,25.213777,-76.119112
ERR3950819,RAD-Seq,96,218664768,PRJEB36904,SAMEA6586610,136524720,UNIVERSITY OF EXETER,Nassau grouper,public,"run.zq,sra","gs,ncbi,s3","gs.us-east1,ncbi.public,s3.us-east-1",26/02/2020,2020-02-26T17:08:16Z,25/02/2020,2020-02-24T19:36:03Z,ERX3958624,SAMEA6586610,Bahamas,North America,Bahamas,Eleuthera,UNIVERSITY OF EXETER,2020-02-26T17:08:16Z,2020-02-24T19:36:03Z,public,Illumina HiSeq 2500,unspecified,SINGLE,PCR,GENOMIC,Epinephelus striatus,ILLUMINA,2020-02-28T00:00:00Z,2020-06-18T00:28:00Z,1,SAMEA6586610,EL0999,Epinephelus striatus,ERP120163,EL0999,25.213777,-76.119112
ERR3950820,RAD-Seq,96,36502464,PRJEB36904,SAMEA6586611,22741889,UNIVERSITY OF EXETER,Nassau grouper,public,"run.zq,sra","gs,ncbi,s3","gs.us-east1,ncbi.public,s3.us-east-1",26/02/2020,2020-02-26T17:08:16Z,25/02/2020,2020-02-24T19:36:03Z,ERX3958625,SAMEA6586611,Bahamas,North America,Bahamas,Eleuthera,UNIVERSITY OF EXETER,2020-02-26T17:08:16Z,2020-02-24T19:36:03Z,public,Illumina HiSeq 2500,unspecified,SINGLE,PCR,GENOMIC,Epinephelus striatus,ILLUMINA,2020-02-28T00:00:00Z,2020-06-18T00:28:00Z,1,SAMEA6586611,EL1000,Epinephelus striatus,ERP120163,EL1000,25.213777,-76.119112
ERR3950821,RAD-Seq,96,84320832,PRJEB36904,SAMEA6586612,52238001,UNIVERSITY OF EXETER,Nassau grouper,public,"run.zq,sra","gs,ncbi,s3","gs.us-east1,ncbi.public,s3.us-east-1",26/02/2020,2020-02-26T17:08:16Z,25/02/2020,2020-02-24T19:36:03Z,ERX3958626,SAMEA6586612,Bahamas,North America,Bahamas,Eleuthera,UNIVERSITY OF EXETER,2020-02-26T17:08:16Z,2020-02-24T19:36:03Z,public,Illumina HiSeq 2500,unspecified,SINGLE,PCR,GENOMIC,Epinephelus striatus,ILLUMINA,2020-02-28T00:00:00Z,2020-06-18T00:29:00Z,1,SAMEA6586612,EL11,Epinephelus striatus,ERP120163,EL11,25.213777,-76.119112
ERR3950822,RAD-Seq,96,67734720,PRJEB36904,SAMEA6586613,41817441,UNIVERSITY OF EXETER,Nassau grouper,public,"run.zq,sra","gs,ncbi,s3","gs.us-east1,ncbi.public,s3.us-east-1",26/02/2020,2020-02-26T17:08:16Z,25/02/2020,2020-02-24T19:36:03Z,ERX3958627,SAMEA6586613,Bahamas,North America,Bahamas,Eleuthera,UNIVERSITY OF EXETER,2020-02-26T17:08:16Z,2020-02-24T19:36:03Z,public,Illumina HiSeq 2500,unspecified,SINGLE,PCR,GENOMIC,Epinephelus striatus,ILLUMINA,2020-02-28T00:00:00Z,2020-09-10T21:08:00Z,1,SAMEA6586613,EL3,Epinephelus striatus,ERP120163,EL3,25.213777,-76.119112
ERR3950823,RAD-Seq,96,119500320,PRJEB36904,SAMEA6586614,73850336,UNIVERSITY OF EXETER,Nassau grouper,public,"run.zq,sra","gs,ncbi,s3","gs.us-east1,ncbi.public,s3.us-east-1",26/02/2020,2020-02-26T17:08:16Z,25/02/2020,2020-02-24T19:36:03Z,ERX3958628,SAMEA6586614,Bahamas,North America,Bahamas,Eleuthera,UNIVERSITY OF EXETER,2020-02-26T17:08:16Z,2020-02-24T19:36:03Z,public,Illumina HiSeq 2500,unspecified,SINGLE,PCR,GENOMIC,Epinephelus striatus,ILLUMINA,2020-02-28T00:00:00Z,2020-06-18T00:29:00Z,1,SAMEA6586614,EL4,Epinephelus striatus,ERP120163,EL4,25.213777,-76.119112
ERR3950824,RAD-Seq,96,93439872,PRJEB36904,SAMEA6586615,57981708,UNIVERSITY OF EXETER,Nassau grouper,public,"run.zq,sra","gs,ncbi,s3","gs.us-east1,ncbi.public,s3.us-east-1",26/02/2020,2020-02-26T17:08:16Z,25/02/2020,2020-02-24T19:36:03Z,ERX3958629,SAMEA6586615,Bahamas,North America,Bahamas,Eleuthera,UNIVERSITY OF EXETER,2020-02-26T17:08:16Z,2020-02-24T19:36:03Z,public,Illumina HiSeq 2500,unspecified,SINGLE,PCR,GENOMIC,Epinephelus striatus,ILLUMINA,2020-02-28T00:00:00Z,2020-06-18T00:29:00Z,1,SAMEA6586615,ELJV1,Epinephelus striatus,ERP120163,ELJV1,25.213777,-76.119112
ERR3950825,RAD-Seq,96,162236064,PRJEB36904,SAMEA6586616,101083636,UNIVERSITY OF EXETER,Nassau grouper,public,"run.zq,sra","gs,ncbi,s3","gs.us-east1,ncbi.public,s3.us-east-1",26/02/2020,2020-02-26T17:08:16Z,25/02/2020,2020-02-24T19:36:03Z,ERX3958630,SAMEA6586616,Bahamas,North America,Bahamas,Exuma,UNIVERSITY OF EXETER,2020-02-26T17:08:16Z,2020-02-24T19:36:03Z,public,Illumina HiSeq 2500,unspecified,SINGLE,PCR,GENOMIC,Epinephelus striatus,ILLUMINA,2020-02-28T00:00:00Z,2020-09-10T21:09:00Z,1,SAMEA6586616,EX0501,Epinephelus striatus,ERP120163,EX0501,24.013479,-76.246584
ERR3950826,RAD-Seq,96,131779296,PRJEB36904,SAMEA6586617,81824810,UNIVERSITY OF EXETER,Nassau grouper,public,"run.zq,sra","gs,ncbi,s3","gs.us-east1,ncbi.public,s3.us-east-1",26/02/2020,2020-02-26T17:08:16Z,25/02/2020,2020-02-24T19:36:03Z,ERX3958631,SAMEA6586617,Bahamas,North America,Bahamas,Exuma,UNIVERSITY OF EXETER,2020-02-26T17:08:16Z,2020-02-24T19:36:03Z,public,Illumina HiSeq 2500,unspecified,SINGLE,PCR,GENOMIC,Epinephelus striatus,ILLUMINA,2020-02-28T00:00:00Z,2020-06-18T00:29:00Z,1,SAMEA6586617,EX0513,Epinephelus striatus,ERP120163,EX0513,24.013479,-76.246584
ERR3950827,RAD-Seq,96,134428320,PRJEB36904,SAMEA6586618,83071467,UNIVERSITY OF EXETER,Nassau grouper,public,"run.zq,sra","gs,ncbi,s3","gs.us-east1,ncbi.public,s3.us-east-1",26/02/2020,2020-02-26T17:08:16Z,25/02/2020,2020-02-24T19:36:03Z,ERX3958632,SAMEA6586618,Bahamas,North America,Bahamas,Exuma,UNIVERSITY OF EXETER,2020-02-26T17:08:16Z,2020-02-24T19:36:03Z,public,Illumina HiSeq 2500,unspecified,SINGLE,PCR,GENOMIC,Epinephelus striatus,ILLUMINA,2020-02-28T00:00:00Z,2020-09-10T21:09:00Z,1,SAMEA6586618,EX0518,Epinephelus striatus,ERP120163,EX0518,24.013479,-76.246584
ERR3950828,RAD-Seq,96,151050528,PRJEB36904,SAMEA6586619,93166125,UNIVERSITY OF EXETER,Nassau grouper,public,"run.zq,sra","gs,ncbi,s3","gs.us-east1,ncbi.public,s3.us-east-1",26/02/2020,2020-02-26T17:08:16Z,25/02/2020,2020-02-24T19:36:03Z,ERX3958633,SAMEA6586619,Bahamas,North America,Bahamas,Exuma,UNIVERSITY OF EXETER,2020-02-26T17:08:16Z,2020-02-24T19:36:03Z,public,Illumina HiSeq 2500,unspecified,SINGLE,PCR,GENOMIC,Epinephelus striatus,ILLUMINA,2020-02-28T00:00:00Z,2020-09-10T21:09:00Z,1,SAMEA6586619,EX0525,Epinephelus striatus,ERP120163,EX0525,24.013479,-76.246584
ERR3950829,RAD-Seq,96,106212576,PRJEB36904,SAMEA6586620,65937256,UNIVERSITY OF EXETER,Nassau grouper,public,"run.zq,sra","gs,ncbi,s3","gs.us-east1,ncbi.public,s3.us-east-1",26/02/2020,2020-02-26T17:08:16Z,25/02/2020,2020-02-24T19:36:03Z,ERX3958634,SAMEA6586620,Bahamas,North America,Bahamas,Exuma,UNIVERSITY OF EXETER,2020-02-26T17:08:16Z,2020-02-24T19:36:03Z,public,Illumina HiSeq 2500,unspecified,SINGLE,PCR,GENOMIC,Epinephelus striatus,ILLUMINA,2020-02-28T00:00:00Z,2020-09-10T21:10:00Z,1,SAMEA6586620,EX0526,Epinephelus striatus,ERP120163,EX0526,24.013479,-76.246584
ERR3950830,RAD-Seq,96,167893920,PRJEB36904,SAMEA6586621,105854832,UNIVERSITY OF EXETER,Nassau grouper,public,"run.zq,sra","gs,ncbi,s3","gs.us-east1,ncbi.public,s3.us-east-1",26/02/2020,2020-02-26T17:08:16Z,25/02/2020,2020-02-24T19:36:03Z,ERX3958635,SAMEA6586621,Bahamas,North America,Bahamas,Exuma,UNIVERSITY OF EXETER,2020-02-26T17:08:16Z,2020-02-24T19:36:03Z,public,Illumina HiSeq 2500,unspecified,SINGLE,PCR,GENOMIC,Epinephelus striatus,ILLUMINA,2020-02-28T00:00:00Z,2020-06-18T00:29:00Z,1,SAMEA6586621,EX0547,Epinephelus striatus,ERP120163,EX0547,24.013479,-76.246584
ERR3950831,RAD-Seq,96,140669856,PRJEB36904,SAMEA6586622,87531295,UNIVERSITY OF EXETER,Nassau grouper,public,"run.zq,sra","gs,ncbi,s3","gs.us-east1,ncbi.public,s3.us-east-1",26/02/2020,2020-02-26T17:08:16Z,25/02/2020,2020-02-24T19:36:03Z,ERX3958636,SAMEA6586622,Bahamas,North America,Bahamas,Exuma,UNIVERSITY OF EXETER,2020-02-26T17:08:16Z,2020-02-24T19:36:03Z,public,Illumina HiSeq 2500,unspecified,SINGLE,PCR,GENOMIC,Epinephelus striatus,ILLUMINA,2020-02-28T00:00:00Z,2020-06-18T00:29:00Z,1,SAMEA6586622,EX0548,Epinephelus striatus,ERP120163,EX0548,24.013479,-76.246584
ERR3950832,RAD-Seq,96,116140416,PRJEB36904,SAMEA6586623,71760821,UNIVERSITY OF EXETER,Nassau grouper,public,"run.zq,sra","gs,ncbi,s3","gs.us-east1,ncbi.public,s3.us-east-1",26/02/2020,2020-02-26T17:08:16Z,25/02/2020,2020-02-24T19:36:03Z,ERX3958637,SAMEA6586623,Bahamas,North America,Bahamas,Exuma,UNIVERSITY OF EXETER,2020-02-26T17:08:16Z,2020-02-24T19:36:03Z,public,Illumina HiSeq 2500,unspecified,SINGLE,PCR,GENOMIC,Epinephelus striatus,ILLUMINA,2020-02-28T00:00:00Z,2020-09-10T21:09:00Z,1,SAMEA6586623,EX112,Epinephelus striatus,ERP120163,EX112,24.013479,-76.246584
ERR3950833,RAD-Seq,96,132226464,PRJEB36904,SAMEA6586624,80966145,UNIVERSITY OF EXETER,Nassau grouper,public,"run.zq,sra","gs,ncbi,s3","gs.us-east1,ncbi.public,s3.us-east-1",26/02/2020,2020-02-26T17:08:16Z,25/02/2020,2020-02-24T19:36:03Z,ERX3958638,SAMEA6586624,Bahamas,North America,Bahamas,Exuma,UNIVERSITY OF EXETER,2020-02-26T17:08:16Z,2020-02-24T19:36:03Z,public,Illumina HiSeq 2500,unspecified,SINGLE,PCR,GENOMIC,Epinephelus striatus,ILLUMINA,2020-02-28T00:00:00Z,2020-06-18T00:29:00Z,1,SAMEA6586624,EX116,Epinephelus striatus,ERP120163,EX116,24.013479,-76.246584
ERR3950834,RAD-Seq,96,107868864,PRJEB36904,SAMEA6586625,66998352,UNIVERSITY OF EXETER,Nassau grouper,public,"run.zq,sra","gs,ncbi,s3","gs.us-east1,ncbi.public,s3.us-east-1",26/02/2020,2020-02-26T17:08:16Z,25/02/2020,2020-02-24T19:36:03Z,ERX3958639,SAMEA6586625,Bahamas,North America,Bahamas,Exuma,UNIVERSITY OF EXETER,2020-02-26T17:08:16Z,2020-02-24T19:36:03Z,public,Illumina HiSeq 2500,unspecified,SINGLE,PCR,GENOMIC,Epinephelus striatus,ILLUMINA,2020-02-28T00:00:00Z,2020-09-10T21:10:00Z,1,SAMEA6586625,EX187,Epinephelus striatus,ERP120163,EX187,24.013479,-76.246584
ERR3950835,RAD-Seq,96,221931648,PRJEB36904,SAMEA6586626,136472967,UNIVERSITY OF EXETER,Nassau grouper,public,"run.zq,sra","gs,ncbi,s3","gs.us-east1,ncbi.public,s3.us-east-1",26/02/2020,2020-02-26T17:08:16Z,25/02/2020,2020-02-24T19:36:03Z,ERX3958640,SAMEA6586626,Bahamas,North America,Bahamas,Exuma,UNIVERSITY OF EXETER,2020-02-26T17:08:16Z,2020-02-24T19:36:03Z,public,Illumina HiSeq 2500,unspecified,SINGLE,PCR,GENOMIC,Epinephelus striatus,ILLUMINA,2020-02-28T00:00:00Z,2020-06-18T00:30:00Z,1,SAMEA6586626,EXJV1,Epinephelus striatus,ERP120163,EXJV1,24.013479,-76.246584
ERR3950836,RAD-Seq,96,152476416,PRJEB36904,SAMEA6586627,94937699,UNIVERSITY OF EXETER,Nassau grouper,public,"run.zq,sra","gs,ncbi,s3","gs.us-east1,ncbi.public,s3.us-east-1",26/02/2020,2020-02-26T17:08:16Z,25/02/2020,2020-02-24T19:36:03Z,ERX3958641,SAMEA6586627,Bahamas,North America,Bahamas,Great Inagua,UNIVERSITY OF EXETER,2020-02-26T17:08:16Z,2020-02-24T19:36:03Z,public,Illumina HiSeq 2500,unspecified,SINGLE,PCR,GENOMIC,Epinephelus striatus,ILLUMINA,2020-02-28T00:00:00Z,2020-06-18T00:30:00Z,1,SAMEA6586627,GI12,Epinephelus striatus,ERP120163,GI12,21.12545,-73.667139
ERR3950837,RAD-Seq,96,91964256,PRJEB36904,SAMEA6586628,56844225,UNIVERSITY OF EXETER,Nassau grouper,public,"run.zq,sra","gs,ncbi,s3","gs.us-east1,ncbi.public,s3.us-east-1",26/02/2020,2020-02-26T17:08:16Z,25/02/2020,2020-02-24T19:36:03Z,ERX3958642,SAMEA6586628,Bahamas,North America,Bahamas,Great Inagua,UNIVERSITY OF EXETER,2020-02-26T17:08:16Z,2020-02-24T19:36:03Z,public,Illumina HiSeq 2500,unspecified,SINGLE,PCR,GENOMIC,Epinephelus striatus,ILLUMINA,2020-02-28T00:00:00Z,2020-06-18T00:30:00Z,1,SAMEA6586628,GI16,Epinephelus striatus,ERP120163,GI16,21.12545,-73.667139
ERR3950838,RAD-Seq,96,69515616,PRJEB36904,SAMEA6586629,43036078,UNIVERSITY OF EXETER,Nassau grouper,public,"run.zq,sra","gs,ncbi,s3","gs.us-east1,ncbi.public,s3.us-east-1",26/02/2020,2020-02-26T17:08:16Z,25/02/2020,2020-02-24T19:36:03Z,ERX3958643,SAMEA6586629,Bahamas,North America,Bahamas,Great Inagua,UNIVERSITY OF EXETER,2020-02-26T17:08:16Z,2020-02-24T19:36:03Z,public,Illumina HiSeq 2500,unspecified,SINGLE,PCR,GENOMIC,Epinephelus striatus,ILLUMINA,2020-02-28T00:00:00Z,2020-06-18T00:30:00Z,1,SAMEA6586629,GI19,Epinephelus striatus,ERP120163,GI19,21.12545,-73.667139
ERR3950839,RAD-Seq,96,58685184,PRJEB36904,SAMEA6586630,33700419,UNIVERSITY OF EXETER,Nassau grouper,public,"fastq,run.zq,sra","gs,ncbi,s3","gs.us-east1,ncbi.public,s3.us-east-1",26/02/2020,2020-02-26T17:08:16Z,25/02/2020,2020-02-24T19:36:03Z,ERX3958644,SAMEA6586630,Bahamas,North America,Bahamas,Great Inagua,UNIVERSITY OF EXETER,2020-02-26T17:08:16Z,2020-02-24T19:36:03Z,public,Illumina HiSeq 2500,unspecified,SINGLE,PCR,GENOMIC,Epinephelus striatus,ILLUMINA,2020-02-28T00:00:00Z,2022-07-15T19:59:00Z,2,SAMEA6586630,GI24,Epinephelus striatus,ERP120163,GI24,21.12545,-73.667139
ERR3950840,RAD-Seq,96,84989472,PRJEB36904,SAMEA6586631,52950653,UNIVERSITY OF EXETER,Nassau grouper,public,"run.zq,sra","gs,ncbi,s3","gs.us-east1,ncbi.public,s3.us-east-1",26/02/2020,2020-02-26T17:08:16Z,25/02/2020,2020-02-24T19:36:03Z,ERX3958645,SAMEA6586631,Bahamas,North America,Bahamas,Great Inagua,UNIVERSITY OF EXETER,2020-02-26T17:08:16Z,2020-02-24T19:36:03Z,public,Illumina HiSeq 2500,unspecified,SINGLE,PCR,GENOMIC,Epinephelus striatus,ILLUMINA,2020-02-28T00:00:00Z,2020-06-18T18:37:00Z,1,SAMEA6586631,GI33,Epinephelus striatus,ERP120163,GI33,21.12545,-73.667139
ERR3950841,RAD-Seq,96,90627744,PRJEB36904,SAMEA6586632,52111731,UNIVERSITY OF EXETER,Nassau grouper,public,"fastq,run.zq,sra","gs,ncbi,s3","gs.us-east1,ncbi.public,s3.us-east-1",26/02/2020,2020-02-26T17:08:16Z,25/02/2020,2020-02-24T19:36:03Z,ERX3958646,SAMEA6586632,Bahamas,North America,Bahamas,Great Inagua,UNIVERSITY OF EXETER,2020-02-26T17:08:16Z,2020-02-24T19:36:03Z,public,Illumina HiSeq 2500,unspecified,SINGLE,PCR,GENOMIC,Epinephelus striatus,ILLUMINA,2020-02-28T00:00:00Z,2020-11-11T11:01:00Z,1,SAMEA6586632,GI8,Epinephelus striatus,ERP120163,GI8,21.12545,-73.667139
ERR3950842,RAD-Seq,96,89071200,PRJEB36904,SAMEA6586633,51214172,UNIVERSITY OF EXETER,Nassau grouper,public,"fastq,run.zq,sra","gs,ncbi,s3","gs.us-east1,ncbi.public,s3.us-east-1",26/02/2020,2020-02-26T17:08:16Z,25/02/2020,2020-02-24T19:36:03Z,ERX3958647,SAMEA6586633,Bahamas,North America,Bahamas,Hail Mary,UNIVERSITY OF EXETER,2020-02-26T17:08:16Z,2020-02-24T19:36:03Z,public,Illumina HiSeq 2500,unspecified,SINGLE,PCR,GENOMIC,Epinephelus striatus,ILLUMINA,2020-02-28T00:00:00Z,2020-11-11T11:02:00Z,1,SAMEA6586633,LI102,Epinephelus striatus,ERP120163,LI102,23.581889,-75.353563
ERR3950843,RAD-Seq,96,91684800,PRJEB36904,SAMEA6586634,52504765,UNIVERSITY OF EXETER,Nassau grouper,public,"fastq,run.zq,sra","gs,ncbi,s3","gs.us-east1,ncbi.public,s3.us-east-1",26/02/2020,2020-02-26T17:08:16Z,25/02/2020,2020-02-24T19:36:03Z,ERX3958648,SAMEA6586634,Bahamas,North America,Bahamas,Hail Mary,UNIVERSITY OF EXETER,2020-02-26T17:08:16Z,2020-02-24T19:36:03Z,public,Illumina HiSeq 2500,unspecified,SINGLE,PCR,GENOMIC,Epinephelus striatus,ILLUMINA,2020-02-28T00:00:00Z,2020-11-11T11:01:00Z,1,SAMEA6586634,LI118,Epinephelus striatus,ERP120163,LI118,23.581889,-75.353563
ERR3950844,RAD-Seq,96,82533504,PRJEB36904,SAMEA6586635,47594214,UNIVERSITY OF EXETER,Nassau grouper,public,"fastq,run.zq,sra","gs,ncbi,s3","gs.us-east1,ncbi.public,s3.us-east-1",26/02/2020,2020-02-26T17:08:16Z,25/02/2020,2020-02-24T19:36:03Z,ERX3958649,SAMEA6586635,Bahamas,North America,Bahamas,Hail Mary,UNIVERSITY OF EXETER,2020-02-26T17:08:16Z,2020-02-24T19:36:03Z,public,Illumina HiSeq 2500,unspecified,SINGLE,PCR,GENOMIC,Epinephelus striatus,ILLUMINA,2020-02-28T00:00:00Z,2020-11-11T11:02:00Z,1,SAMEA6586635,LI201,Epinephelus striatus,ERP120163,LI201,23.581889,-75.353563
ERR3950845,RAD-Seq,96,86678592,PRJEB36904,SAMEA6586636,49689141,UNIVERSITY OF EXETER,Nassau grouper,public,"fastq,run.zq,sra","gs,ncbi,s3","gs.us-east1,ncbi.public,s3.us-east-1",26/02/2020,2020-02-26T17:08:16Z,25/02/2020,2020-02-24T19:36:03Z,ERX3958650,SAMEA6586636,Bahamas,North America,Bahamas,Long Island,UNIVERSITY OF EXETER,2020-02-26T17:08:16Z,2020-02-24T19:36:03Z,public,Illumina HiSeq 2500,unspecified,SINGLE,PCR,GENOMIC,Epinephelus striatus,ILLUMINA,2020-02-28T00:00:00Z,2020-11-11T11:02:00Z,1,SAMEA6586636,LI203,Epinephelus striatus,ERP120163,LI203,23.114118,-74.945766
ERR3950846,RAD-Seq,96,97437504,PRJEB36904,SAMEA6586637,55007485,UNIVERSITY OF EXETER,Nassau grouper,public,"fastq,run.zq,sra","gs,ncbi,s3","gs.us-east1,ncbi.public,s3.us-east-1",26/02/2020,2020-02-26T17:08:16Z,25/02/2020,2020-02-24T19:36:03Z,ERX3958651,SAMEA6586637,Bahamas,North America,Bahamas,Long Island,UNIVERSITY OF EXETER,2020-02-26T17:08:16Z,2020-02-24T19:36:03Z,public,Illumina HiSeq 2500,unspecified,SINGLE,PCR,GENOMIC,Epinephelus striatus,ILLUMINA,2020-02-28T00:00:00Z,2020-11-11T11:02:00Z,1,SAMEA6586637,LI205,Epinephelus striatus,ERP120163,LI205,23.114118,-74.945766
ERR3950847,RAD-Seq,96,116545248,PRJEB36904,SAMEA6586638,66603993,UNIVERSITY OF EXETER,Nassau grouper,public,"fastq,run.zq,sra","gs,ncbi,s3","gs.us-east1,ncbi.public,s3.us-east-1",26/02/2020,2020-02-26T17:08:16Z,25/02/2020,2020-02-24T19:36:03Z,ERX3958652,SAMEA6586638,Bahamas,North America,Bahamas,Hail Mary,UNIVERSITY OF EXETER,2020-02-26T17:08:16Z,2020-02-24T19:36:03Z,public,Illumina HiSeq 2500,unspecified,SINGLE,PCR,GENOMIC,Epinephelus striatus,ILLUMINA,2020-02-28T00:00:00Z,2020-11-11T11:02:00Z,1,SAMEA6586638,LI212,Epinephelus striatus,ERP120163,LI212,23.581889,-75.353563
ERR3950848,RAD-Seq,96,188059296,PRJEB36904,SAMEA6586639,107258197,UNIVERSITY OF EXETER,Nassau grouper,public,"fastq,run.zq,sra","gs,ncbi,s3","gs.us-east1,ncbi.public,s3.us-east-1",26/02/2020,2020-02-26T17:08:16Z,25/02/2020,2020-02-24T19:36:03Z,ERX3958653,SAMEA6586639,Bahamas,North America,Bahamas,Hail Mary,UNIVERSITY OF EXETER,2020-02-26T17:08:16Z,2020-02-24T19:36:03Z,public,Illumina HiSeq 2500,unspecified,SINGLE,PCR,GENOMIC,Epinephelus striatus,ILLUMINA,2020-02-28T00:00:00Z,2020-11-11T11:03:00Z,1,SAMEA6586639,LI213,Epinephelus striatus,ERP120163,LI213,23.581889,-75.353563
ERR3950849,RAD-Seq,96,96136512,PRJEB36904,SAMEA6586640,55292452,UNIVERSITY OF EXETER,Nassau grouper,public,"fastq,run.zq,sra","gs,ncbi,s3","gs.us-east1,ncbi.public,s3.us-east-1",26/02/2020,2020-02-26T17:08:16Z,25/02/2020,2020-02-24T19:36:03Z,ERX3958654,SAMEA6586640,Bahamas,North America,Bahamas,Hail Mary,UNIVERSITY OF EXETER,2020-02-26T17:08:16Z,2020-02-24T19:36:03Z,public,Illumina HiSeq 2500,unspecified,SINGLE,PCR,GENOMIC,Epinephelus striatus,ILLUMINA,2020-02-28T00:00:00Z,2020-12-22T14:22:00Z,1,SAMEA6586640,LI215,Epinephelus striatus,ERP120163,LI215,23.581889,-75.353563
ERR3950850,RAD-Seq,96,115514688,PRJEB36904,SAMEA6586641,66352190,UNIVERSITY OF EXETER,Nassau grouper,public,"fastq,run.zq,sra","gs,ncbi,s3","gs.us-east1,ncbi.public,s3.us-east-1",26/02/2020,2020-02-26T17:08:16Z,25/02/2020,2020-02-24T19:36:03Z,ERX3958655,SAMEA6586641,Bahamas,North America,Bahamas,Long Island,UNIVERSITY OF EXETER,2020-02-26T17:08:16Z,2020-02-24T19:36:03Z,public,Illumina HiSeq 2500,unspecified,SINGLE,PCR,GENOMIC,Epinephelus striatus,ILLUMINA,2020-02-28T00:00:00Z,2020-11-11T11:02:00Z,1,SAMEA6586641,LI217,Epinephelus striatus,ERP120163,LI217,23.114118,-74.945766
ERR3950851,RAD-Seq,96,121302816,PRJEB36904,SAMEA6586642,69332751,UNIVERSITY OF EXETER,Nassau grouper,public,"fastq,run.zq,sra","gs,ncbi,s3","gs.us-east1,ncbi.public,s3.us-east-1",26/02/2020,2020-02-26T17:08:16Z,25/02/2020,2020-02-24T19:36:03Z,ERX3958656,SAMEA6586642,Bahamas,North America,Bahamas,Hail Mary,UNIVERSITY OF EXETER,2020-02-26T17:08:16Z,2020-02-24T19:36:03Z,public,Illumina HiSeq 2500,unspecified,SINGLE,PCR,GENOMIC,Epinephelus striatus,ILLUMINA,2020-02-28T00:00:00Z,2020-11-11T11:02:00Z,1,SAMEA6586642,LI222,Epinephelus striatus,ERP120163,LI222,23.581889,-75.353563
ERR3950852,RAD-Seq,96,189388320,PRJEB36904,SAMEA6586643,106866298,UNIVERSITY OF EXETER,Nassau grouper,public,"fastq,run.zq,sra","gs,ncbi,s3","gs.us-east1,ncbi.public,s3.us-east-1",26/02/2020,2020-02-26T17:08:16Z,25/02/2020,2020-02-24T19:36:03Z,ERX3958657,SAMEA6586643,Bahamas,North America,Bahamas,Long Island,UNIVERSITY OF EXETER,2020-02-26T17:08:16Z,2020-02-24T19:36:03Z,public,Illumina HiSeq 2500,unspecified,SINGLE,PCR,GENOMIC,Epinephelus striatus,ILLUMINA,2020-02-28T00:00:00Z,2020-11-11T11:03:00Z,1,SAMEA6586643,LI223,Epinephelus striatus,ERP120163,LI223,23.114118,-74.945766
ERR3950853,RAD-Seq,96,142791168,PRJEB36904,SAMEA6586644,82685991,UNIVERSITY OF EXETER,Nassau grouper,public,"fastq,run.zq,sra","gs,ncbi,s3","gs.us-east1,ncbi.public,s3.us-east-1",26/02/2020,2020-02-26T17:08:16Z,25/02/2020,2020-02-24T19:36:03Z,ERX3958658,SAMEA6586644,Bahamas,North America,Bahamas,Hail Mary,UNIVERSITY OF EXETER,2020-02-26T17:08:16Z,2020-02-24T19:36:03Z,public,Illumina HiSeq 2500,unspecified,SINGLE,PCR,GENOMIC,Epinephelus striatus,ILLUMINA,2020-02-28T00:00:00Z,2020-11-11T11:03:00Z,1,SAMEA6586644,LI226,Epinephelus striatus,ERP120163,LI226,23.581889,-75.353563
ERR3950854,RAD-Seq,96,248893920,PRJEB36904,SAMEA6586645,154476466,UNIVERSITY OF EXETER,Nassau grouper,public,"run.zq,sra","gs,ncbi,s3","gs.us-east1,ncbi.public,s3.us-east-1",26/02/2020,2020-02-26T17:08:16Z,25/02/2020,2020-02-24T19:36:04Z,ERX3958659,SAMEA6586645,Bahamas,North America,Bahamas,Hail Mary,UNIVERSITY OF EXETER,2020-02-26T17:08:16Z,2020-02-24T19:36:04Z,public,Illumina HiSeq 2500,unspecified,SINGLE,PCR,GENOMIC,Epinephelus striatus,ILLUMINA,2020-02-28T00:00:00Z,2020-06-19T00:19:00Z,1,SAMEA6586645,LI227,Epinephelus striatus,ERP120163,LI227,23.581889,-75.353563
ERR3950855,RAD-Seq,96,123145824,PRJEB36904,SAMEA6586646,70090146,UNIVERSITY OF EXETER,Nassau grouper,public,"fastq,run.zq,sra","gs,ncbi,s3","gs.us-east1,ncbi.public,s3.us-east-1",26/02/2020,2020-02-26T17:08:16Z,25/02/2020,2020-02-24T19:36:04Z,ERX3958660,SAMEA6586646,Bahamas,North America,Bahamas,Hail Mary,UNIVERSITY OF EXETER,2020-02-26T17:08:16Z,2020-02-24T19:36:04Z,public,Illumina HiSeq 2500,unspecified,SINGLE,PCR,GENOMIC,Epinephelus striatus,ILLUMINA,2020-02-28T00:00:00Z,2020-11-11T11:02:00Z,1,SAMEA6586646,LI228,Epinephelus striatus,ERP120163,LI228,23.581889,-75.353563
ERR3950856,RAD-Seq,96,188540160,PRJEB36904,SAMEA6586647,108848933,UNIVERSITY OF EXETER,Nassau grouper,public,"fastq,run.zq,sra","gs,ncbi,s3","gs.us-east1,ncbi.public,s3.us-east-1",26/02/2020,2020-02-26T17:08:16Z,25/02/2020,2020-02-24T19:36:04Z,ERX3958661,SAMEA6586647,Bahamas,North America,Bahamas,Long Island,UNIVERSITY OF EXETER,2020-02-26T17:08:16Z,2020-02-24T19:36:04Z,public,Illumina HiSeq 2500,unspecified,SINGLE,PCR,GENOMIC,Epinephelus striatus,ILLUMINA,2020-02-28T00:00:00Z,2020-11-11T11:03:00Z,1,SAMEA6586647,LI231,Epinephelus striatus,ERP120163,LI231,23.114118,-74.945766
ERR3950857,RAD-Seq,96,178786080,PRJEB36904,SAMEA6586648,102076541,UNIVERSITY OF EXETER,Nassau grouper,public,"fastq,run.zq,sra","gs,ncbi,s3","gs.us-east1,ncbi.public,s3.us-east-1",26/02/2020,2020-02-26T17:08:16Z,25/02/2020,2020-02-24T19:36:04Z,ERX3958662,SAMEA6586648,Bahamas,North America,Bahamas,Hail Mary,UNIVERSITY OF EXETER,2020-02-26T17:08:16Z,2020-02-24T19:36:04Z,public,Illumina HiSeq 2500,unspecified,SINGLE,PCR,GENOMIC,Epinephelus striatus,ILLUMINA,2020-02-28T00:00:00Z,2020-11-11T11:03:00Z,1,SAMEA6586648,LI234,Epinephelus striatus,ERP120163,LI234,23.581889,-75.353563
ERR3950858,RAD-Seq,96,83373792,PRJEB36904,SAMEA6586649,51678198,UNIVERSITY OF EXETER,Nassau grouper,public,"run.zq,sra","gs,ncbi,s3","gs.us-east1,ncbi.public,s3.us-east-1",26/02/2020,2020-02-26T17:08:16Z,25/02/2020,2020-02-24T19:36:04Z,ERX3958663,SAMEA6586649,Bahamas,North America,Bahamas,Hail Mary,UNIVERSITY OF EXETER,2020-02-26T17:08:16Z,2020-02-24T19:36:04Z,public,Illumina HiSeq 2500,unspecified,SINGLE,PCR,GENOMIC,Epinephelus striatus,ILLUMINA,2020-02-28T00:00:00Z,2020-06-18T18:07:00Z,1,SAMEA6586649,LI237,Epinephelus striatus,ERP120163,LI237,23.581889,-75.353563
ERR3950859,RAD-Seq,96,18935328,PRJEB36904,SAMEA6586650,11845323,UNIVERSITY OF EXETER,Nassau grouper,public,"run.zq,sra","gs,ncbi,s3","gs.us-east1,ncbi.public,s3.us-east-1",26/02/2020,2020-02-26T17:08:16Z,25/02/2020,2020-02-24T19:36:04Z,ERX3958664,SAMEA6586650,Bahamas,North America,Bahamas,Hail Mary,UNIVERSITY OF EXETER,2020-02-26T17:08:16Z,2020-02-24T19:36:04Z,public,Illumina HiSeq 2500,unspecified,SINGLE,PCR,GENOMIC,Epinephelus striatus,ILLUMINA,2020-02-28T00:00:00Z,2020-05-29T20:18:00Z,1,SAMEA6586650,LI239,Epinephelus striatus,ERP120163,LI239,23.581889,-75.353563
ERR3950860,RAD-Seq,96,76470816,PRJEB36904,SAMEA6586651,47444234,UNIVERSITY OF EXETER,Nassau grouper,public,"run.zq,sra","gs,ncbi,s3","gs.us-east1,ncbi.public,s3.us-east-1",26/02/2020,2020-02-26T17:08:16Z,25/02/2020,2020-02-24T19:36:04Z,ERX3958665,SAMEA6586651,Bahamas,North America,Bahamas,Hail Mary,UNIVERSITY OF EXETER,2020-02-26T17:08:16Z,2020-02-24T19:36:04Z,public,Illumina HiSeq 2500,unspecified,SINGLE,PCR,GENOMIC,Epinephelus striatus,ILLUMINA,2020-02-28T00:00:00Z,2020-06-18T18:07:00Z,1,SAMEA6586651,LI242,Epinephelus striatus,ERP120163,LI242,23.581889,-75.353563
ERR3950861,RAD-Seq,96,119530560,PRJEB36904,SAMEA6586652,74431528,UNIVERSITY OF EXETER,Nassau grouper,public,"run.zq,sra","gs,ncbi,s3","gs.us-east1,ncbi.public,s3.us-east-1",26/02/2020,2020-02-26T17:08:16Z,25/02/2020,2020-02-24T19:36:04Z,ERX3958666,SAMEA6586652,Bahamas,North America,Bahamas,Hail Mary,UNIVERSITY OF EXETER,2020-02-26T17:08:16Z,2020-02-24T19:36:04Z,public,Illumina HiSeq 2500,unspecified,SINGLE,PCR,GENOMIC,Epinephelus striatus,ILLUMINA,2020-02-28T00:00:00Z,2020-09-10T21:10:00Z,1,SAMEA6586652,LI244,Epinephelus striatus,ERP120163,LI244,23.581889,-75.353563
ERR3950862,RAD-Seq,96,195748416,PRJEB36904,SAMEA6586653,120900366,UNIVERSITY OF EXETER,Nassau grouper,public,"run.zq,sra","gs,ncbi,s3","gs.us-east1,ncbi.public,s3.us-east-1",26/02/2020,2020-02-26T17:08:16Z,25/02/2020,2020-02-24T19:36:04Z,ERX3958667,SAMEA6586653,Bahamas,North America,Bahamas,Hail Mary,UNIVERSITY OF EXETER,2020-02-26T17:08:16Z,2020-02-24T19:36:04Z,public,Illumina HiSeq 2500,unspecified,SINGLE,PCR,GENOMIC,Epinephelus striatus,ILLUMINA,2020-02-28T00:00:00Z,2020-06-18T00:30:00Z,1,SAMEA6586653,LI253,Epinephelus striatus,ERP120163,LI253,23.581889,-75.353563
ERR3950863,RAD-Seq,96,73564032,PRJEB36904,SAMEA6586654,45808839,UNIVERSITY OF EXETER,Nassau grouper,public,"run.zq,sra","gs,ncbi,s3","gs.us-east1,ncbi.public,s3.us-east-1",26/02/2020,2020-02-26T17:08:16Z,25/02/2020,2020-02-24T19:36:04Z,ERX3958668,SAMEA6586654,Bahamas,North America,Bahamas,Hail Mary,UNIVERSITY OF EXETER,2020-02-26T17:08:16Z,2020-02-24T19:36:04Z,public,Illumina HiSeq 2500,unspecified,SINGLE,PCR,GENOMIC,Epinephelus striatus,ILLUMINA,2020-02-28T00:00:00Z,2020-09-10T21:10:00Z,1,SAMEA6586654,LI254,Epinephelus striatus,ERP120163,LI254,23.581889,-75.353563
ERR3950864,RAD-Seq,96,100145472,PRJEB36904,SAMEA6586655,61895579,UNIVERSITY OF EXETER,Nassau grouper,public,"run.zq,sra","gs,ncbi,s3","gs.us-east1,ncbi.public,s3.us-east-1",26/02/2020,2020-02-26T17:08:16Z,25/02/2020,2020-02-24T19:36:04Z,ERX3958669,SAMEA6586655,Bahamas,North America,Bahamas,Hail Mary,UNIVERSITY OF EXETER,2020-02-26T17:08:16Z,2020-02-24T19:36:04Z,public,Illumina HiSeq 2500,unspecified,SINGLE,PCR,GENOMIC,Epinephelus striatus,ILLUMINA,2020-02-28T00:00:00Z,2020-06-18T00:30:00Z,1,SAMEA6586655,LI255,Epinephelus striatus,ERP120163,LI255,23.581889,-75.353563
ERR3950865,RAD-Seq,96,157413696,PRJEB36904,SAMEA6586656,98058080,UNIVERSITY OF EXETER,Nassau grouper,public,"run.zq,sra","gs,ncbi,s3","gs.us-east1,ncbi.public,s3.us-east-1",26/02/2020,2020-02-26T17:08:16Z,25/02/2020,2020-02-24T19:36:04Z,ERX3958670,SAMEA6586656,Bahamas,North America,Bahamas,Hail Mary,UNIVERSITY OF EXETER,2020-02-26T17:08:16Z,2020-02-24T19:36:04Z,public,Illumina HiSeq 2500,unspecified,SINGLE,PCR,GENOMIC,Epinephelus striatus,ILLUMINA,2020-02-28T00:00:00Z,2020-06-18T00:30:00Z,1,SAMEA6586656,LI257,Epinephelus striatus,ERP120163,LI257,23.581889,-75.353563
ERR3950866,RAD-Seq,96,182474112,PRJEB36904,SAMEA6586657,113077718,UNIVERSITY OF EXETER,Nassau grouper,public,"run.zq,sra","gs,ncbi,s3","gs.us-east1,ncbi.public,s3.us-east-1",26/02/2020,2020-02-26T17:08:16Z,25/02/2020,2020-02-24T19:36:04Z,ERX3958671,SAMEA6586657,Bahamas,North America,Bahamas,Hail Mary,UNIVERSITY OF EXETER,2020-02-26T17:08:16Z,2020-02-24T19:36:04Z,public,Illumina HiSeq 2500,unspecified,SINGLE,PCR,GENOMIC,Epinephelus striatus,ILLUMINA,2020-02-28T00:00:00Z,2020-06-18T00:31:00Z,1,SAMEA6586657,LI259,Epinephelus striatus,ERP120163,LI259,23.581889,-75.353563
ERR3950867,RAD-Seq,96,131661792,PRJEB36904,SAMEA6586658,81981913,UNIVERSITY OF EXETER,Nassau grouper,public,"run.zq,sra","gs,ncbi,s3","gs.us-east1,ncbi.public,s3.us-east-1",26/02/2020,2020-02-26T17:08:16Z,25/02/2020,2020-02-24T19:36:04Z,ERX3958672,SAMEA6586658,Bahamas,North America,Bahamas,Hail Mary,UNIVERSITY OF EXETER,2020-02-26T17:08:16Z,2020-02-24T19:36:04Z,public,Illumina HiSeq 2500,unspecified,SINGLE,PCR,GENOMIC,Epinephelus striatus,ILLUMINA,2020-02-28T00:00:00Z,2020-09-10T21:11:00Z,1,SAMEA6586658,LI265,Epinephelus striatus,ERP120163,LI265,23.581889,-75.353563
ERR3950868,RAD-Seq,96,149805312,PRJEB36904,SAMEA6586659,92909540,UNIVERSITY OF EXETER,Nassau grouper,public,"run.zq,sra","gs,ncbi,s3","gs.us-east1,ncbi.public,s3.us-east-1",26/02/2020,2020-02-26T17:08:16Z,25/02/2020,2020-02-24T19:36:04Z,ERX3958673,SAMEA6586659,Bahamas,North America,Bahamas,Long Island,UNIVERSITY OF EXETER,2020-02-26T17:08:16Z,2020-02-24T19:36:04Z,public,Illumina HiSeq 2500,unspecified,SINGLE,PCR,GENOMIC,Epinephelus striatus,ILLUMINA,2020-02-28T00:00:00Z,2020-06-18T00:31:00Z,1,SAMEA6586659,LI269,Epinephelus striatus,ERP120163,LI269,23.114118,-74.945766
ERR3950869,RAD-Seq,96,157146048,PRJEB36904,SAMEA6586660,97775352,UNIVERSITY OF EXETER,Nassau grouper,public,"run.zq,sra","gs,ncbi,s3","gs.us-east1,ncbi.public,s3.us-east-1",26/02/2020,2020-02-26T17:08:16Z,25/02/2020,2020-02-24T19:36:04Z,ERX3958674,SAMEA6586660,Bahamas,North America,Bahamas,Hail Mary,UNIVERSITY OF EXETER,2020-02-26T17:08:16Z,2020-02-24T19:36:04Z,public,Illumina HiSeq 2500,unspecified,SINGLE,PCR,GENOMIC,Epinephelus striatus,ILLUMINA,2020-02-28T00:00:00Z,2020-06-18T00:31:00Z,1,SAMEA6586660,LI271,Epinephelus striatus,ERP120163,LI271,23.581889,-75.353563
ERR3950870,RAD-Seq,96,199358496,PRJEB36904,SAMEA6586661,122270946,UNIVERSITY OF EXETER,Nassau grouper,public,"run.zq,sra","gs,ncbi,s3","gs.us-east1,ncbi.public,s3.us-east-1",26/02/2020,2020-02-26T17:08:16Z,25/02/2020,2020-02-24T19:36:04Z,ERX3958675,SAMEA6586661,Bahamas,North America,Bahamas,Hail Mary,UNIVERSITY OF EXETER,2020-02-26T17:08:16Z,2020-02-24T19:36:04Z,public,Illumina HiSeq 2500,unspecified,SINGLE,PCR,GENOMIC,Epinephelus striatus,ILLUMINA,2020-02-28T00:00:00Z,2020-06-18T00:31:00Z,1,SAMEA6586661,LI272,Epinephelus striatus,ERP120163,LI272,23.581889,-75.353563
ERR3950871,RAD-Seq,96,180355872,PRJEB36904,SAMEA6586662,110665857,UNIVERSITY OF EXETER,Nassau grouper,public,"run.zq,sra","gs,ncbi,s3","gs.us-east1,ncbi.public,s3.us-east-1",26/02/2020,2020-02-26T17:08:16Z,25/02/2020,2020-02-24T19:36:04Z,ERX3958676,SAMEA6586662,Bahamas,North America,Bahamas,Long Island,UNIVERSITY OF EXETER,2020-02-26T17:08:16Z,2020-02-24T19:36:04Z,public,Illumina HiSeq 2500,unspecified,SINGLE,PCR,GENOMIC,Epinephelus striatus,ILLUMINA,2020-02-28T00:00:00Z,2020-09-10T21:10:00Z,1,SAMEA6586662,LIJVCB1,Epinephelus striatus,ERP120163,LIJVCB1,23.114118,-74.945766
ERR3950872,RAD-Seq,96,97076736,PRJEB36904,SAMEA6586663,59906771,UNIVERSITY OF EXETER,Nassau grouper,public,"run.zq,sra","gs,ncbi,s3","gs.us-east1,ncbi.public,s3.us-east-1",26/02/2020,2020-02-26T17:08:16Z,25/02/2020,2020-02-24T19:36:04Z,ERX3958677,SAMEA6586663,Bahamas,North America,Bahamas,Long Island,UNIVERSITY OF EXETER,2020-02-26T17:08:16Z,2020-02-24T19:36:04Z,public,Illumina HiSeq 2500,unspecified,SINGLE,PCR,GENOMIC,Epinephelus striatus,ILLUMINA,2020-02-28T00:00:00Z,2020-09-10T21:11:00Z,1,SAMEA6586663,LIJVCB2,Epinephelus striatus,ERP120163,LIJVCB2,23.114118,-74.945766
ERR3950873,RAD-Seq,96,83884128,PRJEB36904,SAMEA6586664,52009664,UNIVERSITY OF EXETER,Nassau grouper,public,"run.zq,sra","gs,ncbi,s3","gs.us-east1,ncbi.public,s3.us-east-1",26/02/2020,2020-02-26T17:08:16Z,25/02/2020,2020-02-24T19:36:04Z,ERX3958678,SAMEA6586664,Bahamas,North America,Bahamas,Long Island,UNIVERSITY OF EXETER,2020-02-26T17:08:16Z,2020-02-24T19:36:04Z,public,Illumina HiSeq 2500,unspecified,SINGLE,PCR,GENOMIC,Epinephelus striatus,ILLUMINA,2020-02-28T00:00:00Z,2020-09-10T21:11:00Z,1,SAMEA6586664,LIJVCB4,Epinephelus striatus,ERP120163,LIJVCB4,23.114118,-74.945766
ERR3950874,RAD-Seq,96,117703488,PRJEB36904,SAMEA6586665,73209140,UNIVERSITY OF EXETER,Nassau grouper,public,"run.zq,sra","gs,ncbi,s3","gs.us-east1,ncbi.public,s3.us-east-1",26/02/2020,2020-02-26T17:08:16Z,25/02/2020,2020-02-24T19:36:04Z,ERX3958679,SAMEA6586665,Bahamas,North America,Bahamas,New Providence,UNIVERSITY OF EXETER,2020-02-26T17:08:16Z,2020-02-24T19:36:04Z,public,Illumina HiSeq 2500,unspecified,SINGLE,PCR,GENOMIC,Epinephelus striatus,ILLUMINA,2020-02-28T00:00:00Z,2020-06-18T00:31:00Z,1,SAMEA6586665,NP11,Epinephelus striatus,ERP120163,NP11,25.032612,-77.564033
ERR3950875,RAD-Seq,96,131195328,PRJEB36904,SAMEA6586666,80566912,UNIVERSITY OF EXETER,Nassau grouper,public,"run.zq,sra","gs,ncbi,s3","gs.us-east1,ncbi.public,s3.us-east-1",26/02/2020,2020-02-26T17:08:16Z,25/02/2020,2020-02-24T19:36:04Z,ERX3958680,SAMEA6586666,Bahamas,North America,Bahamas,New Providence,UNIVERSITY OF EXETER,2020-02-26T17:08:16Z,2020-02-24T19:36:04Z,public,Illumina HiSeq 2500,unspecified,SINGLE,PCR,GENOMIC,Epinephelus striatus,ILLUMINA,2020-02-28T00:00:00Z,2020-06-18T00:31:00Z,1,SAMEA6586666,NP12,Epinephelus striatus,ERP120163,NP12,25.032612,-77.564033
ERR3950876,RAD-Seq,96,71272704,PRJEB36904,SAMEA6586667,44322744,UNIVERSITY OF EXETER,Nassau grouper,public,"run.zq,sra","gs,ncbi,s3","gs.us-east1,ncbi.public,s3.us-east-1",26/02/2020,2020-02-26T17:08:16Z,25/02/2020,2020-02-24T19:36:04Z,ERX3958681,SAMEA6586667,Bahamas,North America,Bahamas,New Providence,UNIVERSITY OF EXETER,2020-02-26T17:08:16Z,2020-02-24T19:36:04Z,public,Illumina HiSeq 2500,unspecified,SINGLE,PCR,GENOMIC,Epinephelus striatus,ILLUMINA,2020-02-28T00:00:00Z,2020-06-18T00:31:00Z,1,SAMEA6586667,NP13,Epinephelus striatus,ERP120163,NP13,25.032612,-77.564033
ERR3950877,RAD-Seq,96,189089280,PRJEB36904,SAMEA6586668,117626972,UNIVERSITY OF EXETER,Nassau grouper,public,"run.zq,sra","gs,ncbi,s3","gs.us-east1,ncbi.public,s3.us-east-1",26/02/2020,2020-02-26T17:08:16Z,25/02/2020,2020-02-24T19:36:04Z,ERX3958682,SAMEA6586668,Bahamas,North America,Bahamas,New Providence,UNIVERSITY OF EXETER,2020-02-26T17:08:16Z,2020-02-24T19:36:04Z,public,Illumina HiSeq 2500,unspecified,SINGLE,PCR,GENOMIC,Epinephelus striatus,ILLUMINA,2020-02-28T00:00:00Z,2020-06-18T00:31:00Z,1,SAMEA6586668,NP36,Epinephelus striatus,ERP120163,NP36,25.032612,-77.564033
ERR3950878,RAD-Seq,96,86252832,PRJEB36904,SAMEA6586669,53386877,UNIVERSITY OF EXETER,Nassau grouper,public,"run.zq,sra","gs,ncbi,s3","gs.us-east1,ncbi.public,s3.us-east-1",26/02/2020,2020-02-26T17:08:16Z,25/02/2020,2020-02-24T19:36:04Z,ERX3958683,SAMEA6586669,Bahamas,North America,Bahamas,New Providence,UNIVERSITY OF EXETER,2020-02-26T17:08:16Z,2020-02-24T19:36:04Z,public,Illumina HiSeq 2500,unspecified,SINGLE,PCR,GENOMIC,Epinephelus striatus,ILLUMINA,2020-02-28T00:00:00Z,2020-06-18T00:31:00Z,1,SAMEA6586669,NP37,Epinephelus striatus,ERP120163,NP37,25.032612,-77.564033
ERR3950879,RAD-Seq,96,62929824,PRJEB36904,SAMEA6586670,38986693,UNIVERSITY OF EXETER,Nassau grouper,public,"run.zq,sra","gs,ncbi,s3","gs.us-east1,ncbi.public,s3.us-east-1",26/02/2020,2020-02-26T17:08:16Z,25/02/2020,2020-02-24T19:36:04Z,ERX3958684,SAMEA6586670,Bahamas,North America,Bahamas,New Providence,UNIVERSITY OF EXETER,2020-02-26T17:08:16Z,2020-02-24T19:36:04Z,public,Illumina HiSeq 2500,unspecified,SINGLE,PCR,GENOMIC,Epinephelus striatus,ILLUMINA,2020-02-28T00:00:00Z,2020-06-18T00:32:00Z,1,SAMEA6586670,NPRI7,Epinephelus striatus,ERP120163,NPRI7,25.032612,-77.564033
ERR3950880,RAD-Seq,96,167035584,PRJEB36904,SAMEA6586671,105095905,UNIVERSITY OF EXETER,Nassau grouper,public,"run.zq,sra","gs,ncbi,s3","gs.us-east1,ncbi.public,s3.us-east-1",26/02/2020,2020-02-26T17:08:16Z,25/02/2020,2020-02-24T19:36:04Z,ERX3958685,SAMEA6586671,Bahamas,North America,Bahamas,Ragged Island,UNIVERSITY OF EXETER,2020-02-26T17:08:16Z,2020-02-24T19:36:04Z,public,Illumina HiSeq 2500,unspecified,SINGLE,PCR,GENOMIC,Epinephelus striatus,ILLUMINA,2020-02-28T00:00:00Z,2020-06-18T00:32:00Z,1,SAMEA6586671,RI1,Epinephelus striatus,ERP120163,RI1,22.399288,-75.792046
ERR3950881,RAD-Seq,96,32617056,PRJEB36904,SAMEA6586672,20314492,UNIVERSITY OF EXETER,Nassau grouper,public,"run.zq,sra","gs,ncbi,s3","gs.us-east1,ncbi.public,s3.us-east-1",26/02/2020,2020-02-26T17:08:16Z,25/02/2020,2020-02-24T19:36:04Z,ERX3958686,SAMEA6586672,Bahamas,North America,Bahamas,Ragged Island,UNIVERSITY OF EXETER,2020-02-26T17:08:16Z,2020-02-24T19:36:04Z,public,Illumina HiSeq 2500,unspecified,SINGLE,PCR,GENOMIC,Epinephelus striatus,ILLUMINA,2020-02-28T00:00:00Z,2020-06-18T00:32:00Z,1,SAMEA6586672,RI2,Epinephelus striatus,ERP120163,RI2,22.399288,-75.792046
ERR3950882,RAD-Seq,96,102290112,PRJEB36904,SAMEA6586673,63089671,UNIVERSITY OF EXETER,Nassau grouper,public,"run.zq,sra","gs,ncbi,s3","gs.us-east1,ncbi.public,s3.us-east-1",26/02/2020,2020-02-26T17:08:16Z,25/02/2020,2020-02-24T19:36:04Z,ERX3958687,SAMEA6586673,Bahamas,North America,Bahamas,Ragged Island,UNIVERSITY OF EXETER,2020-02-26T17:08:16Z,2020-02-24T19:36:04Z,public,Illumina HiSeq 2500,unspecified,SINGLE,PCR,GENOMIC,Epinephelus striatus,ILLUMINA,2020-02-28T00:00:00Z,2020-09-10T21:11:00Z,1,SAMEA6586673,RI3,Epinephelus striatus,ERP120163,RI3,22.399288,-75.792046
ERR3950883,RAD-Seq,96,141571008,PRJEB36904,SAMEA6586674,88611319,UNIVERSITY OF EXETER,Nassau grouper,public,"run.zq,sra","gs,ncbi,s3","gs.us-east1,ncbi.public,s3.us-east-1",26/02/2020,2020-02-26T17:08:16Z,25/02/2020,2020-02-24T19:36:04Z,ERX3958688,SAMEA6586674,Bahamas,North America,Bahamas,Ragged Island,UNIVERSITY OF EXETER,2020-02-26T17:08:16Z,2020-02-24T19:36:04Z,public,Illumina HiSeq 2500,unspecified,SINGLE,PCR,GENOMIC,Epinephelus striatus,ILLUMINA,2020-02-28T00:00:00Z,2020-09-10T21:11:00Z,1,SAMEA6586674,RI4,Epinephelus striatus,ERP120163,RI4,22.399288,-75.792046
ERR3950884,RAD-Seq,96,81382752,PRJEB36904,SAMEA6586675,50622967,UNIVERSITY OF EXETER,Nassau grouper,public,"run.zq,sra","gs,ncbi,s3","gs.us-east1,ncbi.public,s3.us-east-1",26/02/2020,2020-02-26T17:08:16Z,25/02/2020,2020-02-24T19:36:04Z,ERX3958689,SAMEA6586675,Bahamas,North America,Bahamas,Ragged Island,UNIVERSITY OF EXETER,2020-02-26T17:08:16Z,2020-02-24T19:36:04Z,public,Illumina HiSeq 2500,unspecified,SINGLE,PCR,GENOMIC,Epinephelus striatus,ILLUMINA,2020-02-28T00:00:00Z,2020-06-18T00:32:00Z,1,SAMEA6586675,RI7,Epinephelus striatus,ERP120163,RI7,22.399288,-75.792046
