Run,Assay Type,AvgSpotLen,Bases,BioProject,BioSample,BioSampleModel,Bytes,Center Name,Collection_Date,collection_site_name,Consent,DATASTORE filetype,DATASTORE provider,DATASTORE region,dev_stage,Ecotype,Experiment,habitat_type,Instrument,isolate,latitude,Library Name,LibraryLayout,LibrarySelection,LibrarySource,longitude,Organism,Platform,ReleaseDate,Sample Name,sex,SRA Study,standard_length_mm,tissue,create_date,version,total_length_mm
SRR8354465,RAD-Seq,90,113486220,PRJNA510810,SAMN10616199,Model organism or animal,74543868,OREGON STATE UNIVERSITY,22/09/2013,BAYAHIBE,public,"fastq,run.zq,sra","gs,ncbi,s3","gs.us-east1,ncbi.public,s3.us-east-1",not applicable,Dominican Republic (2013),SRX5165428,Patch Reef,Illumina HiSeq 2500,Dom13_18,18.3431,EKB_610_SbfI,SINGLE,Reduced Representation,GENOMIC,-68.83381,Pterois volitans,ILLUMINA,2018-12-19T00:00:00Z,EKB_610,not determined,SRP173940,217,muscle,2018-12-19T14:01:00Z,1,285
SRR8354466,RAD-Seq,90,113293260,PRJNA510810,SAMN10616200,Model organism or animal,72477343,OREGON STATE UNIVERSITY,22/09/2013,BAYAHIBE,public,"fastq,run.zq,sra","gs,ncbi,s3","gs.us-east1,ncbi.public,s3.us-east-1",not applicable,Dominican Republic (2013),SRX5165427,Patch Reef,Illumina HiSeq 2500,Dom13_19,18.3431,EKB_611_SbfI,SINGLE,Reduced Representation,GENOMIC,-68.83381,Pterois volitans,ILLUMINA,2018-12-19T00:00:00Z,EKB_611,not determined,SRP173940,232,muscle,2018-12-19T14:01:00Z,1,297
SRR8354467,RAD-Seq,90,307079640,PRJNA510810,SAMN10616201,Model organism or animal,231961621,OREGON STATE UNIVERSITY,29/08/2013,Bluefire,public,"fastq,run.zq,sra","gs,ncbi,s3","gs.us-east1,ncbi.public,s3.us-east-1",not applicable,Florida (2013),SRX5165426,Wreck,Illumina HiSeq 2500,Bisc_1,25.5662667,EKB_026_SbfI,SINGLE,Reduced Representation,GENOMIC,-80.0906333,Pterois volitans,ILLUMINA,2018-12-19T00:00:00Z,EKB_026,male,SRP173940,315,fin clip,2018-12-19T14:02:00Z,1,NA
SRR8354468,RAD-Seq,90,239356980,PRJNA510810,SAMN10616202,Model organism or animal,181135600,OREGON STATE UNIVERSITY,29/08/2013,Bluefire,public,"fastq,run.zq,sra","gs,ncbi,s3","gs.us-east1,ncbi.public,s3.us-east-1",not applicable,Florida (2013),SRX5165425,Wreck,Illumina HiSeq 2500,Bisc_5,25.566267,EKB_030_SbfI,SINGLE,Reduced Representation,GENOMIC,-80.090633,Pterois volitans,ILLUMINA,2018-12-19T00:00:00Z,EKB_030,male,SRP173940,265,fin clip,2018-12-19T14:02:00Z,1,NA
SRR8354469,RAD-Seq,90,117928260,PRJNA510810,SAMN10616195,Model organism or animal,76011177,OREGON STATE UNIVERSITY,20/10/2013,SOSUA,public,"fastq,run.zq,sra","gs,ncbi,s3","gs.us-east1,ncbi.public,s3.us-east-1",not applicable,Dominican Republic (2013),SRX5165424,Coral Reef,Illumina HiSeq 2500,Dom13_11,19.768483,EKB_605_SbfI,SINGLE,Reduced Representation,GENOMIC,-70.561467,Pterois volitans,ILLUMINA,2018-12-19T00:00:00Z,EKB_605,not determined,SRP173940,230,muscle,2018-12-19T14:02:00Z,1,310
SRR8354470,RAD-Seq,90,103745700,PRJNA510810,SAMN10616196,Model organism or animal,66487724,OREGON STATE UNIVERSITY,20/10/2013,SOSUA,public,"fastq,run.zq,sra","gs,ncbi,s3","gs.us-east1,ncbi.public,s3.us-east-1",not applicable,Dominican Republic (2013),SRX5165423,Coral Reef,Illumina HiSeq 2500,Dom13_15,19.768483,EKB_607_SbfI,SINGLE,Reduced Representation,GENOMIC,-70.561467,Pterois volitans,ILLUMINA,2018-12-19T00:00:00Z,EKB_607,not determined,SRP173940,260,muscle,2018-12-19T14:02:00Z,1,330
SRR8354471,RAD-Seq,90,87263550,PRJNA510810,SAMN10616197,Model organism or animal,55753525,OREGON STATE UNIVERSITY,22/09/2013,BAYAHIBE,public,"fastq,run.zq,sra","gs,ncbi,s3","gs.us-east1,ncbi.public,s3.us-east-1",not applicable,Dominican Republic (2013),SRX5165422,Patch Reef,Illumina HiSeq 2500,Dom13_16,18.3431,EKB_608_SbfI,SINGLE,Reduced Representation,GENOMIC,-68.83381,Pterois volitans,ILLUMINA,2018-12-19T00:00:00Z,EKB_608,not determined,SRP173940,215,muscle,2018-12-19T14:02:00Z,1,282
SRR8354472,RAD-Seq,90,94435920,PRJNA510810,SAMN10616198,Model organism or animal,60854794,OREGON STATE UNIVERSITY,05/10/2013,La Caleta MPA,public,"fastq,run.zq,sra","gs,ncbi,s3","gs.us-east1,ncbi.public,s3.us-east-1",not applicable,Dominican Republic (2013),SRX5165421,Coral Reef,Illumina HiSeq 2500,Dom13_17,18.441539,EKB_609_SbfI,SINGLE,Reduced Representation,GENOMIC,-69.693642,Pterois volitans,ILLUMINA,2018-12-19T00:00:00Z,EKB_609,not determined,SRP173940,400,muscle,2018-12-19T14:02:00Z,1,310
SRR8354473,RAD-Seq,90,307265130,PRJNA510810,SAMN10616203,Model organism or animal,233667657,OREGON STATE UNIVERSITY,29/08/2013,Bluefire,public,"fastq,run.zq,sra","gs,ncbi,s3","gs.us-east1,ncbi.public,s3.us-east-1",not applicable,Florida (2013),SRX5165420,Wreck,Illumina HiSeq 2500,Bisc_6,25.566267,EKB_031_SbfI,SINGLE,Reduced Representation,GENOMIC,-80.090633,Pterois volitans,ILLUMINA,2018-12-19T00:00:00Z,EKB_031,male,SRP173940,229,fin clip,2018-12-19T14:03:00Z,1,NA
SRR8354474,RAD-Seq,90,184173930,PRJNA510810,SAMN10616204,Model organism or animal,116745810,OREGON STATE UNIVERSITY,29/08/2013,Bluefire,public,"fastq,run.zq,sra","gs,ncbi,s3","gs.us-east1,ncbi.public,s3.us-east-1",not applicable,Florida (2013),SRX5165419,Wreck,Illumina HiSeq 2500,Bisc_7,25.566267,EKB_032_SbfI,SINGLE,Reduced Representation,GENOMIC,-80.090633,Pterois volitans,ILLUMINA,2018-12-19T00:00:00Z,EKB_032,male,SRP173940,235,fin clip,2018-12-19T14:02:00Z,1,NA
SRR8354475,RAD-Seq,90,102050010,PRJNA510810,SAMN10616243,Model organism or animal,65730985,OREGON STATE UNIVERSITY,25/08/2013,Cozumel Marine Park,public,"fastq,run.zq,sra","gs,ncbi,s3","gs.us-east1,ncbi.public,s3.us-east-1",not applicable,Mexico (2013),SRX5165418,Hard Bottom,Illumina HiSeq 2500,Mex13-3,20.454654,EKB_407_SbfI,SINGLE,Reduced Representation,GENOMIC,-86.99218,Pterois volitans,ILLUMINA,2018-12-19T00:00:00Z,EKB_407,male,SRP173940,255,muscle,2018-12-19T14:02:00Z,1,350
SRR8354476,RAD-Seq,90,165087090,PRJNA510810,SAMN10616206,Model organism or animal,107712267,OREGON STATE UNIVERSITY,29/08/2013,Bluefire,public,"fastq,run.zq,sra","gs,ncbi,s3","gs.us-east1,ncbi.public,s3.us-east-1",not applicable,Florida (2013),SRX5165417,Wreck,Illumina HiSeq 2500,Bisc_9,25.566267,EKB_034_SbfI,SINGLE,Reduced Representation,GENOMIC,-80.090633,Pterois volitans,ILLUMINA,2018-12-19T00:00:00Z,EKB_034,male,SRP173940,199,fin clip,2018-12-19T14:02:00Z,1,NA
SRR8354477,RAD-Seq,90,153584100,PRJNA510810,SAMN10616205,Model organism or animal,101683163,OREGON STATE UNIVERSITY,29/08/2013,Bluefire,public,"fastq,run.zq,sra","gs,ncbi,s3","gs.us-east1,ncbi.public,s3.us-east-1",not applicable,Florida (2013),SRX5165416,Wreck,Illumina HiSeq 2500,Bisc_8,25.566267,EKB_033_SbfI,SINGLE,Reduced Representation,GENOMIC,-80.090633,Pterois volitans,ILLUMINA,2018-12-19T00:00:00Z,EKB_033,female,SRP173940,222,fin clip,2018-12-19T14:02:00Z,1,NA
SRR8354478,RAD-Seq,90,176700690,PRJNA510810,SAMN10616208,Model organism or animal,113621282,OREGON STATE UNIVERSITY,29/08/2013,Bluefire,public,"fastq,run.zq,sra","gs,ncbi,s3","gs.us-east1,ncbi.public,s3.us-east-1",not applicable,Florida (2013),SRX5165415,Wreck,Illumina HiSeq 2500,Bisc_11,25.566267,EKB_036_SbfI,SINGLE,Reduced Representation,GENOMIC,-80.090633,Pterois volitans,ILLUMINA,2018-12-19T00:00:00Z,EKB_036,not determined,SRP173940,103,fin clip,2018-12-19T14:02:00Z,1,NA
SRR8354479,RAD-Seq,90,130984830,PRJNA510810,SAMN10616207,Model organism or animal,84531726,OREGON STATE UNIVERSITY,29/08/2013,Bluefire,public,"fastq,run.zq,sra","gs,ncbi,s3","gs.us-east1,ncbi.public,s3.us-east-1",not applicable,Florida (2013),SRX5165414,Wreck,Illumina HiSeq 2500,Bisc_10,25.566267,EKB_035_SbfI,SINGLE,Reduced Representation,GENOMIC,-80.090633,Pterois volitans,ILLUMINA,2018-12-19T00:00:00Z,EKB_035,male,SRP173940,184,fin clip,2018-12-19T14:02:00Z,1,NA
SRR8354480,RAD-Seq,90,134757810,PRJNA510810,SAMN10616210,Model organism or animal,86514375,OREGON STATE UNIVERSITY,29/08/2013,Bluefire,public,"fastq,run.zq,sra","gs,ncbi,s3","gs.us-east1,ncbi.public,s3.us-east-1",not applicable,Florida (2013),SRX5165413,Wreck,Illumina HiSeq 2500,Bisc_13,25.566267,EKB_038_SbfI,SINGLE,Reduced Representation,GENOMIC,-80.090633,Pterois volitans,ILLUMINA,2018-12-19T00:00:00Z,EKB_038,not determined,SRP173940,257,fin clip,2018-12-19T14:02:00Z,1,NA
SRR8354481,RAD-Seq,90,137499030,PRJNA510810,SAMN10616209,Model organism or animal,89132268,OREGON STATE UNIVERSITY,29/08/2013,Bluefire,public,"fastq,run.zq,sra","gs,ncbi,s3","gs.us-east1,ncbi.public,s3.us-east-1",not applicable,Florida (2013),SRX5165412,Wreck,Illumina HiSeq 2500,Bisc_12,25.566267,EKB_037_SbfI,SINGLE,Reduced Representation,GENOMIC,-80.090633,Pterois volitans,ILLUMINA,2018-12-19T00:00:00Z,EKB_037,not determined,SRP173940,99,fin clip,2018-12-19T14:02:00Z,1,NA
SRR8354482,RAD-Seq,90,176388120,PRJNA510810,SAMN10616212,Model organism or animal,114315766,OREGON STATE UNIVERSITY,31/10/2013,"Roatan Island, Odessey Wreck",public,"fastq,run.zq,sra","gs,ncbi,s3","gs.us-east1,ncbi.public,s3.us-east-1",not applicable,Honduras (2013),SRX5165411,Wreck / Artificial Reef,Illumina HiSeq 2500,Hon13-2,16.210569,EKB_421_SbfI,SINGLE,Reduced Representation,GENOMIC,-86.324089,Pterois volitans,ILLUMINA,2018-12-19T00:00:00Z,EKB_421,not determined,SRP173940,NA,muscle,2018-12-19T14:02:00Z,1,NA
SRR8354483,RAD-Seq,90,176734710,PRJNA510810,SAMN10616211,Model organism or animal,113775131,OREGON STATE UNIVERSITY,29/08/2013,Long Reef (Drift Dive),public,"fastq,run.zq,sra","gs,ncbi,s3","gs.us-east1,ncbi.public,s3.us-east-1",not applicable,Florida (2013),SRX5165410,Deep Reef,Illumina HiSeq 2500,Bisc_15,25.443667,EKB_040_SbfI,SINGLE,Reduced Representation,GENOMIC,-80.1152,Pterois volitans,ILLUMINA,2018-12-19T00:00:00Z,EKB_040,male,SRP173940,285,fin clip,2018-12-19T14:02:00Z,1,NA
SRR8354484,RAD-Seq,90,136290510,PRJNA510810,SAMN10616214,Model organism or animal,88076661,OREGON STATE UNIVERSITY,31/10/2013,"Roatan Island, Odessey Wreck",public,"fastq,run.zq,sra","gs,ncbi,s3","gs.us-east1,ncbi.public,s3.us-east-1",not applicable,Honduras (2013),SRX5165409,Wreck / Artificial Reef,Illumina HiSeq 2500,Hon13-4,16.210569,EKB_423_SbfI,SINGLE,Reduced Representation,GENOMIC,-86.324089,Pterois volitans,ILLUMINA,2018-12-19T00:00:00Z,EKB_423,not determined,SRP173940,NA,muscle,2018-12-19T14:02:00Z,1,NA
SRR8354485,RAD-Seq,90,128142990,PRJNA510810,SAMN10616213,Model organism or animal,82124045,OREGON STATE UNIVERSITY,31/10/2013,"Roatan Island, Odessey Wreck",public,"fastq,run.zq,sra","gs,ncbi,s3","gs.us-east1,ncbi.public,s3.us-east-1",not applicable,Honduras (2013),SRX5165408,Wreck / Artificial Reef,Illumina HiSeq 2500,Hon13-3,16.210569,EKB_422_SbfI,SINGLE,Reduced Representation,GENOMIC,-86.324089,Pterois volitans,ILLUMINA,2018-12-19T00:00:00Z,EKB_422,not determined,SRP173940,NA,muscle,2018-12-19T14:02:00Z,1,NA
SRR8354486,RAD-Seq,90,167747580,PRJNA510810,SAMN10616217,Model organism or animal,106970812,OREGON STATE UNIVERSITY,31/10/2013,"Roatan Island, Odessey Wreck",public,"fastq,run.zq,sra","gs,ncbi,s3","gs.us-east1,ncbi.public,s3.us-east-1",not applicable,Honduras (2013),SRX5165407,Wreck / Artificial Reef,Illumina HiSeq 2500,Hon13-8,16.210569,EKB_427_SbfI,SINGLE,Reduced Representation,GENOMIC,-86.324089,Pterois volitans,ILLUMINA,2018-12-19T00:00:00Z,EKB_427,not determined,SRP173940,NA,muscle,2018-12-19T14:03:00Z,1,NA
SRR8354487,RAD-Seq,90,99997290,PRJNA510810,SAMN10616218,Model organism or animal,63314182,OREGON STATE UNIVERSITY,31/10/2013,"Roatan Island, Odessey Wreck",public,"fastq,run.zq,sra","gs,ncbi,s3","gs.us-east1,ncbi.public,s3.us-east-1",not applicable,Honduras (2013),SRX5165406,Wreck / Artificial Reef,Illumina HiSeq 2500,Hon13-10,16.210569,EKB_429_SbfI,SINGLE,Reduced Representation,GENOMIC,-86.324089,Pterois volitans,ILLUMINA,2018-12-19T00:00:00Z,EKB_429,not determined,SRP173940,NA,muscle,2018-12-19T14:02:00Z,1,NA
SRR8354488,RAD-Seq,90,111181680,PRJNA510810,SAMN10616215,Model organism or animal,74240408,OREGON STATE UNIVERSITY,31/10/2013,"Roatan Island, Odessey Wreck",public,"fastq,run.zq,sra","gs,ncbi,s3","gs.us-east1,ncbi.public,s3.us-east-1",not applicable,Honduras (2013),SRX5165405,Wreck / Artificial Reef,Illumina HiSeq 2500,Hon13-5,16.210569,EKB_424_SbfI,SINGLE,Reduced Representation,GENOMIC,-86.324089,Pterois volitans,ILLUMINA,2018-12-19T00:00:00Z,EKB_424,not determined,SRP173940,NA,muscle,2018-12-19T14:02:00Z,1,NA
SRR8354489,RAD-Seq,90,183999960,PRJNA510810,SAMN10616216,Model organism or animal,119292033,OREGON STATE UNIVERSITY,31/10/2013,"Roatan Island, Odessey Wreck",public,"fastq,run.zq,sra","gs,ncbi,s3","gs.us-east1,ncbi.public,s3.us-east-1",not applicable,Honduras (2013),SRX5165404,Wreck / Artificial Reef,Illumina HiSeq 2500,Hon13-7,16.210569,EKB_426_SbfI,SINGLE,Reduced Representation,GENOMIC,-86.324089,Pterois volitans,ILLUMINA,2018-12-19T00:00:00Z,EKB_426,not determined,SRP173940,NA,muscle,2018-12-19T14:02:00Z,1,NA
SRR8354490,RAD-Seq,90,119294550,PRJNA510810,SAMN10616221,Model organism or animal,77676349,OREGON STATE UNIVERSITY,31/10/2013,"Roatan Island, Odessey Wreck",public,"fastq,run.zq,sra","gs,ncbi,s3","gs.us-east1,ncbi.public,s3.us-east-1",not applicable,Honduras (2013),SRX5165403,Wreck / Artificial Reef,Illumina HiSeq 2500,Hon13-15,16.210569,EKB_434_SbfI,SINGLE,Reduced Representation,GENOMIC,-86.324089,Pterois volitans,ILLUMINA,2018-12-19T00:00:00Z,EKB_434,not determined,SRP173940,NA,muscle,2018-12-19T14:02:00Z,1,NA
SRR8354491,RAD-Seq,90,162720090,PRJNA510810,SAMN10616222,Model organism or animal,105673833,OREGON STATE UNIVERSITY,23/10/2013,"Mangrove Bight, Guanaja Island",public,"fastq,run.zq,sra","gs,ncbi,s3","gs.us-east1,ncbi.public,s3.us-east-1",not applicable,Honduras (2013),SRX5165402,Coral Reef,Illumina HiSeq 2500,Hon13-17,16.3132,EKB_436_SbfI,SINGLE,Reduced Representation,GENOMIC,-85.5251,Pterois volitans,ILLUMINA,2018-12-19T00:00:00Z,EKB_436,not determined,SRP173940,NA,muscle,2018-12-19T14:02:00Z,1,NA
SRR8354492,RAD-Seq,90,121879530,PRJNA510810,SAMN10616219,Model organism or animal,78720540,OREGON STATE UNIVERSITY,31/10/2013,"Roatan Island, Odessey Wreck",public,"fastq,run.zq,sra","gs,ncbi,s3","gs.us-east1,ncbi.public,s3.us-east-1",not applicable,Honduras (2013),SRX5165401,Wreck / Artificial Reef,Illumina HiSeq 2500,Hon13-12,16.210569,EKB_431_SbfI,SINGLE,Reduced Representation,GENOMIC,-86.324089,Pterois volitans,ILLUMINA,2018-12-19T00:00:00Z,EKB_431,not determined,SRP173940,NA,muscle,2018-12-19T14:02:00Z,1,NA
SRR8354493,RAD-Seq,90,108171360,PRJNA510810,SAMN10616220,Model organism or animal,71082279,OREGON STATE UNIVERSITY,31/10/2013,"Roatan Island, Odessey Wreck",public,"fastq,run.zq,sra","gs,ncbi,s3","gs.us-east1,ncbi.public,s3.us-east-1",not applicable,Honduras (2013),SRX5165400,Wreck / Artificial Reef,Illumina HiSeq 2500,Hon13-14,16.210569,EKB_433_SbfI,SINGLE,Reduced Representation,GENOMIC,-86.324089,Pterois volitans,ILLUMINA,2018-12-19T00:00:00Z,EKB_433,not determined,SRP173940,NA,muscle,2018-12-19T14:02:00Z,1,NA
SRR8354494,RAD-Seq,90,107908380,PRJNA510810,SAMN10616223,Model organism or animal,70419570,OREGON STATE UNIVERSITY,23/10/2013,"Mangrove Bight, Guanaja Island",public,"fastq,run.zq,sra","gs,ncbi,s3","gs.us-east1,ncbi.public,s3.us-east-1",not applicable,Honduras (2013),SRX5165399,Coral Reef,Illumina HiSeq 2500,Hon13-19,16.3132,EKB_438_SbfI,SINGLE,Reduced Representation,GENOMIC,-85.5251,Pterois volitans,ILLUMINA,2018-12-19T00:00:00Z,EKB_438,not determined,SRP173940,NA,muscle,2018-12-19T14:02:00Z,1,NA
SRR8354495,RAD-Seq,90,160011810,PRJNA510810,SAMN10616224,Model organism or animal,102678283,OREGON STATE UNIVERSITY,23/10/2013,"Mangrove Bight, Guanaja Island",public,"fastq,run.zq,sra","gs,ncbi,s3","gs.us-east1,ncbi.public,s3.us-east-1",not applicable,Honduras (2013),SRX5165398,Coral Reef,Illumina HiSeq 2500,Hon13-20,16.3132,EKB_439_SbfI,SINGLE,Reduced Representation,GENOMIC,-85.5251,Pterois volitans,ILLUMINA,2018-12-19T00:00:00Z,EKB_439,not determined,SRP173940,NA,muscle,2018-12-19T14:02:00Z,1,NA
SRR8354496,RAD-Seq,90,104971860,PRJNA510810,SAMN10616263,Model organism or animal,67829264,OREGON STATE UNIVERSITY,26/10/2013,P3-1,public,"fastq,run.zq,sra","gs,ncbi,s3","gs.us-east1,ncbi.public,s3.us-east-1",not applicable,USVI (2013),SRX5165397,Patch Reef,Illumina HiSeq 2500,USVI_22,17.78228,EKB_382_SbfI,SINGLE,Reduced Representation,GENOMIC,-64.608,Pterois volitans,ILLUMINA,2018-12-19T00:00:00Z,EKB_382,male,SRP173940,246,fin clip,2018-12-19T14:02:00Z,1,NA
SRR8354497,RAD-Seq,90,121677840,PRJNA510810,SAMN10616264,Model organism or animal,77437336,OREGON STATE UNIVERSITY,22/06/2013,P1-1,public,"fastq,run.zq,sra","gs,ncbi,s3","gs.us-east1,ncbi.public,s3.us-east-1",not applicable,USVI (2013),SRX5165396,Patch Reef,Illumina HiSeq 2500,USVI_23,17.77933,EKB_383_SbfI,SINGLE,Reduced Representation,GENOMIC,-64.61403,Pterois volitans,ILLUMINA,2018-12-19T00:00:00Z,EKB_383,not determined,SRP173940,250,fin clip,2018-12-19T14:02:00Z,1,NA
SRR8354498,RAD-Seq,90,104458680,PRJNA510810,SAMN10616234,Model organism or animal,66689667,OREGON STATE UNIVERSITY,29/07/2012,English Reef,public,"fastq,run.zq,sra","gs,ncbi,s3","gs.us-east1,ncbi.public,s3.us-east-1",not applicable,Jamaica (2012),SRX5165395,Coral Reef,Illumina HiSeq 2500,Jam13_14,,EKB_475_SbfI,SINGLE,Reduced Representation,GENOMIC,,Pterois volitans,ILLUMINA,2018-12-19T00:00:00Z,EKB_475,female,SRP173940,206,muscle,2018-12-19T14:02:00Z,1,269
SRR8354499,RAD-Seq,90,114363810,PRJNA510810,SAMN10616233,Model organism or animal,74199702,OREGON STATE UNIVERSITY,26/07/2012,Fish Pot (Bluefields),public,"fastq,run.zq,sra","gs,ncbi,s3","gs.us-east1,ncbi.public,s3.us-east-1",not applicable,Jamaica (2012),SRX5165394,Coral Reef,Illumina HiSeq 2500,Jam13_13,,EKB_474_SbfI,SINGLE,Reduced Representation,GENOMIC,,Pterois volitans,ILLUMINA,2018-12-19T00:00:00Z,EKB_474,male,SRP173940,202,muscle,2018-12-19T14:02:00Z,1,281
SRR8354500,RAD-Seq,90,240903000,PRJNA510810,SAMN10616255,Model organism or animal,161813719,OREGON STATE UNIVERSITY,11/05/2013,P3-1,public,"fastq,run.zq,sra","gs,ncbi,s3","gs.us-east1,ncbi.public,s3.us-east-1",not applicable,USVI (2013),SRX5165393,Patch Reef,Illumina HiSeq 2500,USVI_9,17.78228,EKB_369_SbfI,SINGLE,Reduced Representation,GENOMIC,-64.608,Pterois volitans,ILLUMINA,2018-12-19T00:00:00Z,EKB_369,female,SRP173940,267,fin clip,2018-12-19T14:02:00Z,1,NA
SRR8354501,RAD-Seq,90,131641650,PRJNA510810,SAMN10616256,Model organism or animal,85060181,OREGON STATE UNIVERSITY,26/10/2013,I1-1,public,"fastq,run.zq,sra","gs,ncbi,s3","gs.us-east1,ncbi.public,s3.us-east-1",not applicable,USVI (2013),SRX5165392,Fringing Reef,Illumina HiSeq 2500,USVI_13,17.78241,EKB_373_SbfI,SINGLE,Reduced Representation,GENOMIC,-64.61976,Pterois volitans,ILLUMINA,2018-12-19T00:00:00Z,EKB_373,female,SRP173940,203,fin clip,2018-12-19T14:02:00Z,1,NA
SRR8354502,RAD-Seq,90,130643100,PRJNA510810,SAMN10616257,Model organism or animal,83651101,OREGON STATE UNIVERSITY,25/08/2013,LF5-3,public,"fastq,run.zq,sra","gs,ncbi,s3","gs.us-east1,ncbi.public,s3.us-east-1",not applicable,USVI (2013),SRX5165391,Continuous Reef,Illumina HiSeq 2500,USVI_14,17.80367,EKB_374_SbfI,SINGLE,Reduced Representation,GENOMIC,-64.63655,Pterois volitans,ILLUMINA,2018-12-19T00:00:00Z,EKB_374,male,SRP173940,286,fin clip,2018-12-19T14:02:00Z,1,NA
SRR8354503,RAD-Seq,90,143259210,PRJNA510810,SAMN10616258,Model organism or animal,94232809,OREGON STATE UNIVERSITY,24/08/2013,P5-1,public,"fastq,run.zq,sra","gs,ncbi,s3","gs.us-east1,ncbi.public,s3.us-east-1",not applicable,USVI (2013),SRX5165390,Patch Reef,Illumina HiSeq 2500,USVI_15,17.77763,EKB_375_SbfI,SINGLE,Reduced Representation,GENOMIC,-64.59573,Pterois volitans,ILLUMINA,2018-12-19T00:00:00Z,EKB_375,male,SRP173940,244,fin clip,2018-12-19T14:02:00Z,1,NA
SRR8354504,RAD-Seq,90,116174610,PRJNA510810,SAMN10616259,Model organism or animal,74985189,OREGON STATE UNIVERSITY,22/06/2013,LF5-1,public,"fastq,run.zq,sra","gs,ncbi,s3","gs.us-east1,ncbi.public,s3.us-east-1",not applicable,USVI (2013),SRX5165389,Continuous Reef,Illumina HiSeq 2500,USVI_18,17.80367,EKB_378_SbfI,SINGLE,Reduced Representation,GENOMIC,-64.63655,Pterois volitans,ILLUMINA,2018-12-19T00:00:00Z,EKB_378,not determined,SRP173940,198,fin clip,2018-12-19T14:02:00Z,1,NA
SRR8354505,RAD-Seq,90,150721020,PRJNA510810,SAMN10616260,Model organism or animal,97731737,OREGON STATE UNIVERSITY,26/10/2013,P3-3,public,"fastq,run.zq,sra","gs,ncbi,s3","gs.us-east1,ncbi.public,s3.us-east-1",not applicable,USVI (2013),SRX5165388,Patch Reef,Illumina HiSeq 2500,USVI_19,17.78228,EKB_379_SbfI,SINGLE,Reduced Representation,GENOMIC,-64.608,Pterois volitans,ILLUMINA,2018-12-19T00:00:00Z,EKB_379,male,SRP173940,242,fin clip,2018-12-19T14:02:00Z,1,NA
SRR8354506,RAD-Seq,90,102560580,PRJNA510810,SAMN10616261,Model organism or animal,68048450,OREGON STATE UNIVERSITY,24/08/2013,I2-1,public,"fastq,run.zq,sra","gs,ncbi,s3","gs.us-east1,ncbi.public,s3.us-east-1",not applicable,USVI (2013),SRX5165387,Fringing Reef,Illumina HiSeq 2500,USVI_20,17.7834,EKB_380_SbfI,SINGLE,Reduced Representation,GENOMIC,-64.6147,Pterois volitans,ILLUMINA,2018-12-19T00:00:00Z,EKB_380,male,SRP173940,241,fin clip,2018-12-19T14:02:00Z,1,NA
SRR8354507,RAD-Seq,90,113092290,PRJNA510810,SAMN10616262,Model organism or animal,72478324,OREGON STATE UNIVERSITY,25/08/2013,LF5-1,public,"fastq,run.zq,sra","gs,ncbi,s3","gs.us-east1,ncbi.public,s3.us-east-1",not applicable,USVI (2013),SRX5165386,Continuous Reef,Illumina HiSeq 2500,USVI_21,17.80367,EKB_381_SbfI,SINGLE,Reduced Representation,GENOMIC,-64.63655,Pterois volitans,ILLUMINA,2018-12-19T00:00:00Z,EKB_381,male,SRP173940,229,fin clip,2018-12-19T14:02:00Z,1,NA
SRR8354508,RAD-Seq,90,109279350,PRJNA510810,SAMN10616155,Model organism or animal,72217963,OREGON STATE UNIVERSITY,30/10/2013,"Chub Hole, Bacalar Chico Marine Reserve",public,"fastq,run.zq,sra","gs,ncbi,s3","gs.us-east1,ncbi.public,s3.us-east-1",not applicable,Belize (2013),SRX5165385,Fringing Reef with many crevices,Illumina HiSeq 2500,Bel13_04,18.119658,EKB_491_SbfI,SINGLE,Reduced Representation,GENOMIC,-87.822099,Pterois volitans,ILLUMINA,2018-12-19T00:00:00Z,EKB_491,male,SRP173940,240,muscle,2018-12-19T14:02:00Z,1,310
SRR8354509,RAD-Seq,90,102657690,PRJNA510810,SAMN10616156,Model organism or animal,66215277,OREGON STATE UNIVERSITY,31/10/2013,"Remora's Revenge, Caye Chapel",public,"fastq,run.zq,sra","gs,ncbi,s3","gs.us-east1,ncbi.public,s3.us-east-1",not applicable,Belize (2013),SRX5165384,Spur and Groove,Illumina HiSeq 2500,Bel13_05,17.66838,EKB_492_SbfI,SINGLE,Reduced Representation,GENOMIC,-88.01385,Pterois volitans,ILLUMINA,2018-12-19T00:00:00Z,EKB_492,male,SRP173940,237,muscle,2018-12-19T14:02:00Z,1,309
SRR8354510,RAD-Seq,90,115235010,PRJNA510810,SAMN10616157,Model organism or animal,75343558,OREGON STATE UNIVERSITY,26/10/2013,"Chub Hole, Bacalar Chico Marine Reserve",public,"fastq,run.zq,sra","gs,ncbi,s3","gs.us-east1,ncbi.public,s3.us-east-1",not applicable,Belize (2013),SRX5165383,Spur and Groove,Illumina HiSeq 2500,Bel13_06,18.1558,EKB_493_SbfI,SINGLE,Reduced Representation,GENOMIC,-87.82124,Pterois volitans,ILLUMINA,2018-12-19T00:00:00Z,EKB_493,male,SRP173940,265,muscle,2018-12-19T14:02:00Z,1,345
SRR8354511,RAD-Seq,90,125692740,PRJNA510810,SAMN10616158,Model organism or animal,80919113,OREGON STATE UNIVERSITY,31/10/2013,"Remora's Revenge, Caye Chapel",public,"fastq,run.zq,sra","gs,ncbi,s3","gs.us-east1,ncbi.public,s3.us-east-1",not applicable,Belize (2013),SRX5165382,Spur and Groove,Illumina HiSeq 2500,Bel13_10,17.66838,EKB_497_SbfI,SINGLE,Reduced Representation,GENOMIC,-88.01385,Pterois volitans,ILLUMINA,2018-12-19T00:00:00Z,EKB_497,female,SRP173940,189,muscle,2018-12-19T14:02:00Z,1,246
SRR8354512,RAD-Seq,90,118522080,PRJNA510810,SAMN10616159,Model organism or animal,76998154,OREGON STATE UNIVERSITY,31/10/2013,"Remora's Revenge, Caye Chapel",public,"fastq,run.zq,sra","gs,ncbi,s3","gs.us-east1,ncbi.public,s3.us-east-1",not applicable,Belize (2013),SRX5165381,Spur and Groove,Illumina HiSeq 2500,Bel13_11,17.66838,EKB_498_SbfI,SINGLE,Reduced Representation,GENOMIC,-88.01385,Pterois volitans,ILLUMINA,2018-12-19T00:00:00Z,EKB_498,female,SRP173940,210,muscle,2018-12-19T14:02:00Z,1,280
SRR8354513,RAD-Seq,90,84360870,PRJNA510810,SAMN10616160,Model organism or animal,55391792,OREGON STATE UNIVERSITY,31/10/2013,"Sand Trap, Caye Chapel",public,"fastq,run.zq,sra","gs,ncbi,s3","gs.us-east1,ncbi.public,s3.us-east-1",not applicable,Belize (2013),SRX5165380,Spur and Groove,Illumina HiSeq 2500,Bel13_13,17.69163,EKB_500_SbfI,SINGLE,Reduced Representation,GENOMIC,-88.00866,Pterois volitans,ILLUMINA,2018-12-19T00:00:00Z,EKB_500,male,SRP173940,205,muscle,2018-12-19T14:02:00Z,1,264
SRR8354514,RAD-Seq,90,109006560,PRJNA510810,SAMN10616161,Model organism or animal,69619039,OREGON STATE UNIVERSITY,31/10/2013,"Sand Trap, Caye Chapel",public,"fastq,run.zq,sra","gs,ncbi,s3","gs.us-east1,ncbi.public,s3.us-east-1",not applicable,Belize (2013),SRX5165379,Spur and Groove,Illumina HiSeq 2500,Bel13_14,17.69163,EKB_501_SbfI,SINGLE,Reduced Representation,GENOMIC,-88.00866,Pterois volitans,ILLUMINA,2018-12-19T00:00:00Z,EKB_501,male,SRP173940,211,muscle,2018-12-19T14:02:00Z,1,278.5
SRR8354515,RAD-Seq,90,86326200,PRJNA510810,SAMN10616162,Model organism or animal,55349536,OREGON STATE UNIVERSITY,30/10/2013,"Chub Hole, Bacalar Chico Marine Reserve",public,"fastq,run.zq,sra","gs,ncbi,s3","gs.us-east1,ncbi.public,s3.us-east-1",not applicable,Belize (2013),SRX5165378,Fringing Reef with many crevices,Illumina HiSeq 2500,Bel13_15,18.119658,EKB_502_SbfI,SINGLE,Reduced Representation,GENOMIC,-87.822099,Pterois volitans,ILLUMINA,2018-12-19T00:00:00Z,EKB_502,male,SRP173940,270,muscle,2018-12-19T14:02:00Z,1,350
SRR8354516,RAD-Seq,90,99943830,PRJNA510810,SAMN10616163,Model organism or animal,64214821,OREGON STATE UNIVERSITY,30/10/2013,"Chub Hole, Bacalar Chico Marine Reserve",public,"fastq,run.zq,sra","gs,ncbi,s3","gs.us-east1,ncbi.public,s3.us-east-1",not applicable,Belize (2013),SRX5165377,Fringing Reef with many crevices,Illumina HiSeq 2500,Bel13_16,18.119658,EKB_503_SbfI,SINGLE,Reduced Representation,GENOMIC,-87.822099,Pterois volitans,ILLUMINA,2018-12-19T00:00:00Z,EKB_503,female,SRP173940,205,muscle,2018-12-19T14:02:00Z,1,280
SRR8354517,RAD-Seq,90,73417410,PRJNA510810,SAMN10616164,Model organism or animal,47568850,OREGON STATE UNIVERSITY,30/10/2013,"Chub Hole, Bacalar Chico Marine Reserve",public,"fastq,run.zq,sra","gs,ncbi,s3","gs.us-east1,ncbi.public,s3.us-east-1",not applicable,Belize (2013),SRX5165376,Fringing Reef with many crevices,Illumina HiSeq 2500,Bel13_17,18.119658,EKB_504_SbfI,SINGLE,Reduced Representation,GENOMIC,-87.822099,Pterois volitans,ILLUMINA,2018-12-19T00:00:00Z,EKB_504,female,SRP173940,225,muscle,2018-12-19T14:02:00Z,1,280
SRR8354518,RAD-Seq,90,150724530,PRJNA510810,SAMN10616244,Model organism or animal,98711527,OREGON STATE UNIVERSITY,25/08/2013,Cozumel Marine Park,public,"fastq,run.zq,sra","gs,ncbi,s3","gs.us-east1,ncbi.public,s3.us-east-1",not applicable,Mexico (2013),SRX5165375,Hard Bottom,Illumina HiSeq 2500,Mex13-6,20.454654,EKB_410_SbfI,SINGLE,Reduced Representation,GENOMIC,-86.99218,Pterois volitans,ILLUMINA,2018-12-19T00:00:00Z,EKB_410,male,SRP173940,258,muscle,2018-12-19T14:02:00Z,1,346
SRR8354519,RAD-Seq,90,150482430,PRJNA510810,SAMN10616252,Model organism or animal,96728911,OREGON STATE UNIVERSITY,11/05/2013,I2-5,public,"fastq,run.zq,sra","gs,ncbi,s3","gs.us-east1,ncbi.public,s3.us-east-1",not applicable,USVI (2013),SRX5165374,Fringing Reef,Illumina HiSeq 2500,USVI_5,17.7834,EKB_365_SbfI,SINGLE,Reduced Representation,GENOMIC,-64.6147,Pterois volitans,ILLUMINA,2018-12-19T00:00:00Z,EKB_365,female,SRP173940,239,fin clip,2018-12-19T14:02:00Z,1,NA
SRR8354520,RAD-Seq,90,145964430,PRJNA510810,SAMN10616251,Model organism or animal,93954590,OREGON STATE UNIVERSITY,17/02/2013,LF4-10,public,"fastq,run.zq,sra","gs,ncbi,s3","gs.us-east1,ncbi.public,s3.us-east-1",not applicable,USVI (2013),SRX5165373,Continuous Reef,Illumina HiSeq 2500,USVI_4,17.79705,EKB_364_SbfI,SINGLE,Reduced Representation,GENOMIC,-64.639983,Pterois volitans,ILLUMINA,2018-12-19T00:00:00Z,EKB_364,male,SRP173940,245,fin clip,2018-12-19T14:02:00Z,1,NA
SRR8354521,RAD-Seq,90,234352350,PRJNA510810,SAMN10616250,Model organism or animal,152920782,OREGON STATE UNIVERSITY,12/05/2013,LF5-4,public,"fastq,run.zq,sra","gs,ncbi,s3","gs.us-east1,ncbi.public,s3.us-east-1",not applicable,USVI (2013),SRX5165372,Continuous Reef,Illumina HiSeq 2500,USVI_2,17.80367,EKB_362_SbfI,SINGLE,Reduced Representation,GENOMIC,-64.63655,Pterois volitans,ILLUMINA,2018-12-19T00:00:00Z,EKB_362,female,SRP173940,264,fin clip,2018-12-19T14:33:00Z,1,NA
SRR8354522,RAD-Seq,90,150932880,PRJNA510810,SAMN10616249,Model organism or animal,99452062,OREGON STATE UNIVERSITY,17/02/2013,P3-8,public,"fastq,run.zq,sra","gs,ncbi,s3","gs.us-east1,ncbi.public,s3.us-east-1",not applicable,USVI (2013),SRX5165371,Patch Reef,Illumina HiSeq 2500,USVI_1,17.78228,EKB_361_SbfI,SINGLE,Reduced Representation,GENOMIC,-64.608,Pterois volitans,ILLUMINA,2018-12-19T00:00:00Z,EKB_361,male,SRP173940,195,fin clip,2018-12-19T14:02:00Z,1,NA
SRR8354523,RAD-Seq,90,114499260,PRJNA510810,SAMN10616248,Model organism or animal,73292685,OREGON STATE UNIVERSITY,25/08/2013,Cozumel Marine Park,public,"fastq,run.zq","gs,ncbi,s3","gs.us-east1,ncbi.public,s3.us-east-1",not applicable,Mexico (2013),SRX5165370,Hard Bottom,Illumina HiSeq 2500,Mex13-15,20.454654,EKB_419_SbfI,SINGLE,Reduced Representation,GENOMIC,-86.99218,Pterois volitans,ILLUMINA,2018-12-19T00:00:00Z,EKB_419,male,SRP173940,250,muscle,,,335
SRR8354524,RAD-Seq,90,101767230,PRJNA510810,SAMN10616247,Model organism or animal,65087702,OREGON STATE UNIVERSITY,25/08/2013,Cozumel Marine Park,public,"fastq,run.zq,sra","gs,ncbi,s3","gs.us-east1,ncbi.public,s3.us-east-1",not applicable,Mexico (2013),SRX5165369,Hard Bottom,Illumina HiSeq 2500,Mex13-12,20.454654,EKB_416_SbfI,SINGLE,Reduced Representation,GENOMIC,-86.99218,Pterois volitans,ILLUMINA,2018-12-19T00:00:00Z,EKB_416,female,SRP173940,242,muscle,2018-12-19T14:02:00Z,1,312
SRR8354525,RAD-Seq,90,116737470,PRJNA510810,SAMN10616246,Model organism or animal,74940910,OREGON STATE UNIVERSITY,25/08/2013,Cozumel Marine Park,public,"fastq,run.zq,sra","gs,ncbi,s3","gs.us-east1,ncbi.public,s3.us-east-1",not applicable,Mexico (2013),SRX5165368,Hard Bottom,Illumina HiSeq 2500,Mex13-11,20.454654,EKB_415_SbfI,SINGLE,Reduced Representation,GENOMIC,-86.99218,Pterois volitans,ILLUMINA,2018-12-19T00:00:00Z,EKB_415,male,SRP173940,260,muscle,2018-12-19T14:02:00Z,1,
SRR8354526,RAD-Seq,90,130281480,PRJNA510810,SAMN10616245,Model organism or animal,83340468,OREGON STATE UNIVERSITY,25/08/2013,Cozumel Marine Park,public,"fastq,run.zq,sra","gs,ncbi,s3","gs.us-east1,ncbi.public,s3.us-east-1",not applicable,Mexico (2013),SRX5165367,Hard Bottom,Illumina HiSeq 2500,Mex13-8,20.454654,EKB_412_SbfI,SINGLE,Reduced Representation,GENOMIC,-86.99218,Pterois volitans,ILLUMINA,2018-12-19T00:00:00Z,EKB_412,male,SRP173940,255,muscle,2018-12-19T14:02:00Z,1,340
SRR8354527,RAD-Seq,90,159432300,PRJNA510810,SAMN10616235,Model organism or animal,101231213,OREGON STATE UNIVERSITY,29/07/2012,English Reef,public,"fastq,run.zq,sra","gs,ncbi,s3","gs.us-east1,ncbi.public,s3.us-east-1",not applicable,Jamaica (2012),SRX5165366,Coral Reef,Illumina HiSeq 2500,Jam13_16,,EKB_477_SbfI,SINGLE,Reduced Representation,GENOMIC,,Pterois volitans,ILLUMINA,2018-12-19T00:00:00Z,EKB_477,male,SRP173940,228,muscle,2018-12-19T14:03:00Z,1,307
SRR8354528,RAD-Seq,90,143289720,PRJNA510810,SAMN10616236,Model organism or animal,92166174,OREGON STATE UNIVERSITY,29/07/2012,English Reef,public,"fastq,run.zq,sra","gs,ncbi,s3","gs.us-east1,ncbi.public,s3.us-east-1",not applicable,Jamaica (2012),SRX5165365,Coral Reef,Illumina HiSeq 2500,Jam13_17,,EKB_478_SbfI,SINGLE,Reduced Representation,GENOMIC,,Pterois volitans,ILLUMINA,2018-12-19T00:00:00Z,EKB_478,male,SRP173940,226,muscle,2018-12-19T14:02:00Z,1,306
SRR8354529,RAD-Seq,90,148123980,PRJNA510810,SAMN10616237,Model organism or animal,95989702,OREGON STATE UNIVERSITY,13/07/2014,East Fore Reef,public,"fastq,run.zq,sra","gs,ncbi,s3","gs.us-east1,ncbi.public,s3.us-east-1",not applicable,Jamaica (2012),SRX5165364,Coral Reef,Illumina HiSeq 2500,Jam13_18,,EKB_479_SbfI,SINGLE,Reduced Representation,GENOMIC,,Pterois volitans,ILLUMINA,2018-12-19T00:00:00Z,EKB_479,male,SRP173940,227,muscle,2018-12-19T14:02:00Z,1,305
SRR8354530,RAD-Seq,90,168808500,PRJNA510810,SAMN10616238,Model organism or animal,109666308,OREGON STATE UNIVERSITY,26/07/2012,Fish Pot (Bluefields),public,"fastq,run.zq,sra","gs,ncbi,s3","gs.us-east1,ncbi.public,s3.us-east-1",not applicable,Jamaica (2012),SRX5165363,Coral Reef,Illumina HiSeq 2500,Jam13_19,,EKB_480_SbfI,SINGLE,Reduced Representation,GENOMIC,,Pterois volitans,ILLUMINA,2018-12-19T00:00:00Z,EKB_480,male,SRP173940,267,muscle,2018-12-19T14:02:00Z,1,364
SRR8354531,RAD-Seq,90,183728430,PRJNA510810,SAMN10616239,Model organism or animal,118127822,OREGON STATE UNIVERSITY,17/07/2012,Dairy Bull,public,"fastq,run.zq,sra","gs,ncbi,s3","gs.us-east1,ncbi.public,s3.us-east-1",not applicable,Jamaica (2012),SRX5165362,Coral Reef,Illumina HiSeq 2500,Jam13_22,,EKB_483_SbfI,SINGLE,Reduced Representation,GENOMIC,,Pterois volitans,ILLUMINA,2018-12-19T00:00:00Z,EKB_483,male,SRP173940,231,muscle,2018-12-19T14:02:00Z,1,311
SRR8354532,RAD-Seq,90,127674900,PRJNA510810,SAMN10616240,Model organism or animal,83234603,OREGON STATE UNIVERSITY,29/07/2012,English Reef,public,"fastq,run.zq,sra","gs,ncbi,s3","gs.us-east1,ncbi.public,s3.us-east-1",not applicable,Jamaica (2012),SRX5165361,Coral Reef,Illumina HiSeq 2500,Jam13_23,,EKB_484_SbfI,SINGLE,Reduced Representation,GENOMIC,,Pterois volitans,ILLUMINA,2018-12-19T00:00:00Z,EKB_484,male,SRP173940,212,muscle,2018-12-19T14:02:00Z,1,284
SRR8354533,RAD-Seq,90,118235430,PRJNA510810,SAMN10616254,Model organism or animal,76280915,OREGON STATE UNIVERSITY,12/05/2013,I1-1,public,"fastq,run.zq,sra","gs,ncbi,s3","gs.us-east1,ncbi.public,s3.us-east-1",not applicable,USVI (2013),SRX5165360,Fringing Reef,Illumina HiSeq 2500,USVI_8,17.78241,EKB_368_SbfI,SINGLE,Reduced Representation,GENOMIC,-64.6147,Pterois volitans,ILLUMINA,2018-12-19T00:00:00Z,EKB_368,male,SRP173940,219,fin clip,2018-12-19T14:02:00Z,1,NA
SRR8354534,RAD-Seq,90,107899650,PRJNA510810,SAMN10616253,Model organism or animal,69485925,OREGON STATE UNIVERSITY,11/05/2013,I2-6,public,"fastq,run.zq,sra","gs,ncbi,s3","gs.us-east1,ncbi.public,s3.us-east-1",not applicable,USVI (2013),SRX5165359,Fringing Reef,Illumina HiSeq 2500,USVI_7,17.7834,EKB_367_SbfI,SINGLE,Reduced Representation,GENOMIC,-64.6147,Pterois volitans,ILLUMINA,2018-12-19T00:00:00Z,EKB_367,female,SRP173940,271,fin clip,2018-12-19T14:02:00Z,1,NA
SRR8354535,RAD-Seq,90,106341840,PRJNA510810,SAMN10616174,Model organism or animal,68164783,OREGON STATE UNIVERSITY,21/10/2013,"LC SPAG, Little Cayman",public,"fastq,run.zq,sra","gs,ncbi,s3","gs.us-east1,ncbi.public,s3.us-east-1",not applicable,Cayman Islands (2013),SRX5165358,Wall Patch,Illumina HiSeq 2500,CAY13_02,19.6519,EKB_506_SbfI,SINGLE,Reduced Representation,GENOMIC,-80.10772,Pterois volitans,ILLUMINA,2018-12-19T00:00:00Z,EKB_506,not determined,SRP173940,192,muscle,2018-12-19T14:02:00Z,1,255
SRR8354536,RAD-Seq,90,115079670,PRJNA510810,SAMN10616173,Model organism or animal,74374079,OREGON STATE UNIVERSITY,26/10/2013,"Goliath, Bacalar Chico Marine Reserve",public,"fastq,run.zq,sra","gs,ncbi,s3","gs.us-east1,ncbi.public,s3.us-east-1",not applicable,Belize (2013),SRX5165357,Spur and Groove,Illumina HiSeq 2500,Bel13_18,18.1558,EKB_528_SbfI,SINGLE,Reduced Representation,GENOMIC,-87.82124,Pterois volitans,ILLUMINA,2018-12-19T00:00:00Z,EKB_528,female,SRP173940,227,muscle,2018-12-19T14:02:00Z,1,295
SRR8354537,RAD-Seq,90,108158580,PRJNA510810,SAMN10616170,Model organism or animal,69668485,OREGON STATE UNIVERSITY,26/10/2013,"Goliath, Bacalar Chico Marine Reserve",public,"fastq,run.zq,sra","gs,ncbi,s3","gs.us-east1,ncbi.public,s3.us-east-1",not applicable,Belize (2013),SRX5165356,Spur and Groove,Illumina HiSeq 2500,Bel13_26,18.1558,EKB_619_SbfI,SINGLE,Reduced Representation,GENOMIC,-87.82124,Pterois volitans,ILLUMINA,2018-12-19T00:00:00Z,EKB_619,female,SRP173940,225,muscle,2018-12-19T14:02:00Z,1,295
SRR8354538,RAD-Seq,90,103421790,PRJNA510810,SAMN10616169,Model organism or animal,65856481,OREGON STATE UNIVERSITY,26/10/2013,"Goliath, Bacalar Chico Marine Reserve",public,"fastq,run.zq,sra","gs,ncbi,s3","gs.us-east1,ncbi.public,s3.us-east-1",not applicable,Belize (2013),SRX5165355,Spur and Groove,Illumina HiSeq 2500,Bel13_25,18.1558,EKB_618_SbfI,SINGLE,Reduced Representation,GENOMIC,-87.82124,Pterois volitans,ILLUMINA,2018-12-19T00:00:00Z,EKB_618,male,SRP173940,260,muscle,2018-12-19T14:02:00Z,1,340
SRR8354539,RAD-Seq,90,98392320,PRJNA510810,SAMN10616172,Model organism or animal,63523251,OREGON STATE UNIVERSITY,30/10/2013,"Chub Hole, Bacalar Chico Marine Reserve",public,"fastq,run.zq,sra","gs,ncbi,s3","gs.us-east1,ncbi.public,s3.us-east-1",not applicable,Belize (2013),SRX5165354,Fringing Reef with many crevices,Illumina HiSeq 2500,Bel13_31,18.119658,EKB_624_SbfI,SINGLE,Reduced Representation,GENOMIC,-87.822099,Pterois volitans,ILLUMINA,2018-12-19T00:00:00Z,EKB_624,male,SRP173940,220,muscle,2018-12-19T14:02:00Z,1,300
SRR8354540,RAD-Seq,90,77192280,PRJNA510810,SAMN10616171,Model organism or animal,49695214,OREGON STATE UNIVERSITY,31/10/2013,"Remora's Revenge, Caye Chapel",public,"fastq,run.zq,sra","gs,ncbi,s3","gs.us-east1,ncbi.public,s3.us-east-1",not applicable,Belize (2013),SRX5165353,Spur and Groove,Illumina HiSeq 2500,Bel13_28,17.66838,EKB_621_SbfI,SINGLE,Reduced Representation,GENOMIC,-88.01385,Pterois volitans,ILLUMINA,2018-12-19T00:00:00Z,EKB_621,female,SRP173940,196,muscle,2018-12-19T14:03:00Z,1,261
SRR8354541,RAD-Seq,90,85571370,PRJNA510810,SAMN10616166,Model organism or animal,55319448,OREGON STATE UNIVERSITY,09/08/2013,"East Snake, PHMR, Honduras Marine Reserve, Belize",public,"fastq,run.zq,sra","gs,ncbi,s3","gs.us-east1,ncbi.public,s3.us-east-1",not applicable,Belize (2013),SRX5165352,Coral Reef,Illumina HiSeq 2500,Bel13_20,16.207774,EKB_613_SbfI,SINGLE,Reduced Representation,GENOMIC,-88.50805316,Pterois volitans,ILLUMINA,2018-12-19T00:00:00Z,EKB_613,male,SRP173940,264,muscle,2018-12-19T14:02:00Z,1,342
SRR8354542,RAD-Seq,90,83152440,PRJNA510810,SAMN10616165,Model organism or animal,53890647,OREGON STATE UNIVERSITY,30/10/2016,"Chub Hole, Bacalar Chico Marine Reserve",public,"fastq,run.zq,sra","gs,ncbi,s3","gs.us-east1,ncbi.public,s3.us-east-1",not applicable,Belize (2013),SRX5165351,Fringing Reef with many crevices,Illumina HiSeq 2500,Bel13_19,18.119658,EKB_612_SbfI,SINGLE,Reduced Representation,GENOMIC,-87.822099,Pterois volitans,ILLUMINA,2018-12-19T00:00:00Z,EKB_612,female,SRP173940,220,muscle,2018-12-19T14:02:00Z,1,290
SRR8354543,RAD-Seq,90,101680200,PRJNA510810,SAMN10616168,Model organism or animal,67275293,OREGON STATE UNIVERSITY,26/10/2013,"Goliath, Bacalar Chico Marine Reserve",public,"fastq,run.zq,sra","gs,ncbi,s3","gs.us-east1,ncbi.public,s3.us-east-1",not applicable,Belize (2013),SRX5165350,Spur and Groove,Illumina HiSeq 2500,Bel13_24,18.1558,EKB_617_SbfI,SINGLE,Reduced Representation,GENOMIC,-87.82124,Pterois volitans,ILLUMINA,2018-12-19T00:00:00Z,EKB_617,male,SRP173940,240,muscle,2018-12-19T14:02:00Z,1,315
SRR8354544,RAD-Seq,90,84987000,PRJNA510810,SAMN10616167,Model organism or animal,55063065,OREGON STATE UNIVERSITY,30/10/2016,"Chub Hole, Bacalar Chico Marine Reserve",public,"fastq,run.zq,sra","gs,ncbi,s3","gs.us-east1,ncbi.public,s3.us-east-1",not applicable,Belize (2013),SRX5165349,Fringing Reef with many crevices,Illumina HiSeq 2500,Bel13_23,18.119658,EKB_616_SbfI,SINGLE,Reduced Representation,GENOMIC,-87.822099,Pterois volitans,ILLUMINA,2018-12-19T00:00:00Z,EKB_616,male,SRP173940,210,muscle,2018-12-19T14:02:00Z,1,280
SRR8354545,RAD-Seq,90,157108410,PRJNA510810,SAMN10616241,Model organism or animal,100279291,OREGON STATE UNIVERSITY,26/07/2012,Fish Pot (Bluefields),public,"fastq,run.zq,sra","gs,ncbi,s3","gs.us-east1,ncbi.public,s3.us-east-1",not applicable,Jamaica (2012),SRX5165348,Coral Reef,Illumina HiSeq 2500,Jam13_24,,EKB_485_SbfI,SINGLE,Reduced Representation,GENOMIC,,Pterois volitans,ILLUMINA,2018-12-19T00:00:00Z,EKB_485,female,SRP173940,195,muscle,2018-12-19T14:02:00Z,1,265
SRR8354546,RAD-Seq,90,147653190,PRJNA510810,SAMN10616242,Model organism or animal,94532847,OREGON STATE UNIVERSITY,25/08/2013,Cozumel Marine Park,public,"fastq,run.zq,sra","gs,ncbi,s3","gs.us-east1,ncbi.public,s3.us-east-1",not applicable,Mexico (2013),SRX5165347,Hard Bottom,Illumina HiSeq 2500,Mex13-2,20.454654,EKB_406_SbfI,SINGLE,Reduced Representation,GENOMIC,-86.99218,Pterois volitans,ILLUMINA,2018-12-19T00:00:00Z,EKB_406,male,SRP173940,220,muscle,2018-12-19T14:02:00Z,1,302
SRR8354547,RAD-Seq,90,124832070,PRJNA510810,SAMN10616149,Model organism or animal,80388429,OREGON STATE UNIVERSITY,10/10/2013,Ron's Revenge,public,"fastq,run.zq,sra","gs,ncbi,s3","gs.us-east1,ncbi.public,s3.us-east-1",not applicable,Bahamas (2013),SRX5165346,Coral Reef,Illumina HiSeq 2500,Bah13-09,24.521313,EKB_452_SbfI,SINGLE,Reduced Representation,GENOMIC,-76.215259,Pterois volitans,ILLUMINA,2018-12-19T00:00:00Z,EKB_452,male,SRP173940,281,muscle,2018-12-19T14:02:00Z,1,362
SRR8354548,RAD-Seq,90,114067800,PRJNA510810,SAMN10616150,Model organism or animal,72901416,OREGON STATE UNIVERSITY,16/10/2013,High rock,public,"fastq,run.zq,sra","gs,ncbi,s3","gs.us-east1,ncbi.public,s3.us-east-1",not applicable,Bahamas (2013),SRX5165345,Coral Reef,Illumina HiSeq 2500,Bah13-14,,EKB_457_SbfI,SINGLE,Reduced Representation,GENOMIC,,Pterois volitans,ILLUMINA,2018-12-19T00:00:00Z,EKB_457,male,SRP173940,288,muscle,2018-12-19T14:02:00Z,1,375
SRR8354549,RAD-Seq,90,168367590,PRJNA510810,SAMN10616151,Model organism or animal,110666572,OREGON STATE UNIVERSITY,23/10/2013,barge,public,"fastq,run.zq,sra","gs,ncbi,s3","gs.us-east1,ncbi.public,s3.us-east-1",not applicable,Bahamas (2013),SRX5165344,Coral Reef,Illumina HiSeq 2500,Bah13-16,,EKB_459_SbfI,SINGLE,Reduced Representation,GENOMIC,,Pterois volitans,ILLUMINA,2018-12-19T00:00:00Z,EKB_459,male,SRP173940,289,muscle,2018-12-19T14:02:00Z,1,358
SRR8354550,RAD-Seq,90,120653460,PRJNA510810,SAMN10616152,Model organism or animal,78028295,OREGON STATE UNIVERSITY,23/10/2013,barge,public,"fastq,run.zq,sra","gs,ncbi,s3","gs.us-east1,ncbi.public,s3.us-east-1",not applicable,Bahamas (2013),SRX5165343,Coral Reef,Illumina HiSeq 2500,Bah13-17,,EKB_460_SbfI,SINGLE,Reduced Representation,GENOMIC,,Pterois volitans,ILLUMINA,2018-12-19T00:00:00Z,EKB_460,male,SRP173940,279,muscle,2018-12-19T14:33:00Z,1,364
SRR8354551,RAD-Seq,90,178459110,PRJNA510810,SAMN10616145,Model organism or animal,113458940,OREGON STATE UNIVERSITY,23/10/2013,barge,public,"fastq,run.zq,sra","gs,ncbi,s3","gs.us-east1,ncbi.public,s3.us-east-1",not applicable,Bahamas (2013),SRX5165342,Coral Reef,Illumina HiSeq 2500,Bah13-02,,EKB_445_SbfI,SINGLE,Reduced Representation,GENOMIC,,Pterois volitans,ILLUMINA,2018-12-19T00:00:00Z,EKB_445,male,SRP173940,320,muscle,2018-12-19T14:02:00Z,1,386
SRR8354552,RAD-Seq,90,159263460,PRJNA510810,SAMN10616146,Model organism or animal,102362143,OREGON STATE UNIVERSITY,10/10/2013,Ron's Revenge,public,"fastq,run.zq,sra","gs,ncbi,s3","gs.us-east1,ncbi.public,s3.us-east-1",not applicable,Bahamas (2013),SRX5165341,Coral Reef,Illumina HiSeq 2500,Bah13-03,24.521313,EKB_446_SbfI,SINGLE,Reduced Representation,GENOMIC,-76.215259,Pterois volitans,ILLUMINA,2018-12-19T00:00:00Z,EKB_446,male,SRP173940,278,muscle,2018-12-19T14:02:00Z,1,346
SRR8354553,RAD-Seq,90,133942680,PRJNA510810,SAMN10616147,Model organism or animal,85485626,OREGON STATE UNIVERSITY,23/10/2013,barge,public,"fastq,run.zq,sra","gs,ncbi,s3","gs.us-east1,ncbi.public,s3.us-east-1",not applicable,Bahamas (2013),SRX5165340,Coral Reef,Illumina HiSeq 2500,Bah13-04,,EKB_447_SbfI,SINGLE,Reduced Representation,GENOMIC,,Pterois volitans,ILLUMINA,2018-12-19T00:00:00Z,EKB_447,male,SRP173940,280,muscle,2018-12-19T14:02:00Z,1,370
SRR8354554,RAD-Seq,90,134113410,PRJNA510810,SAMN10616148,Model organism or animal,86397580,OREGON STATE UNIVERSITY,02/10/2013,Tunnel Rock,public,"fastq,run.zq,sra","gs,ncbi,s3","gs.us-east1,ncbi.public,s3.us-east-1",not applicable,Bahamas (2013),SRX5165339,Coral Reef,Illumina HiSeq 2500,Bah13-08,,EKB_451_SbfI,SINGLE,Reduced Representation,GENOMIC,,Pterois volitans,ILLUMINA,2018-12-19T00:00:00Z,EKB_451,female,SRP173940,226,muscle,2018-12-19T14:02:00Z,1,310
SRR8354555,RAD-Seq,90,165407850,PRJNA510810,SAMN10616153,Model organism or animal,108386799,OREGON STATE UNIVERSITY,10/10/2013,Random Reef,public,"fastq,run.zq,sra","gs,ncbi,s3","gs.us-east1,ncbi.public,s3.us-east-1",not applicable,Bahamas (2013),SRX5165338,Coral Reef,Illumina HiSeq 2500,Bah13-18,24.533505,EKB_461_SbfI,SINGLE,Reduced Representation,GENOMIC,-76.241298,Pterois volitans,ILLUMINA,2018-12-19T00:00:00Z,EKB_461,male,SRP173940,225,muscle,2018-12-19T14:02:00Z,1,295
SRR8354556,RAD-Seq,90,114537150,PRJNA510810,SAMN10616154,Model organism or animal,74547263,OREGON STATE UNIVERSITY,09/08/2013,"East Snake, Port Honduras Marine Reserve",public,"fastq,run.zq,sra","gs,ncbi,s3","gs.us-east1,ncbi.public,s3.us-east-1",not applicable,Belize (2013),SRX5165337,Coral Reef,Illumina HiSeq 2500,Bel13_02,16.207774,EKB_489_SbfI,SINGLE,Reduced Representation,GENOMIC,-88.50805316,Pterois volitans,ILLUMINA,2018-12-19T00:00:00Z,EKB_489,female,SRP173940,248,muscle,2018-12-19T14:02:00Z,1,324
SRR8354557,RAD-Seq,90,91644840,PRJNA510810,SAMN10616183,Model organism or animal,58426974,OREGON STATE UNIVERSITY,21/10/2013,"NE Coast, Cayman Brac",public,"fastq,run.zq,sra","gs,ncbi,s3","gs.us-east1,ncbi.public,s3.us-east-1",not applicable,Cayman Islands (2013),SRX5165336,Wall,Illumina HiSeq 2500,CAY13_11,19.74171,EKB_515_SbfI,SINGLE,Reduced Representation,GENOMIC,-79.78287,Pterois volitans,ILLUMINA,2018-12-19T00:00:00Z,EKB_515,not determined,SRP173940,318,muscle,2018-12-19T14:02:00Z,1,412
SRR8354558,RAD-Seq,90,106687710,PRJNA510810,SAMN10616184,Model organism or animal,68475948,OREGON STATE UNIVERSITY,21/10/2013,"NE Coast, Cayman Brac",public,"fastq,run.zq,sra","gs,ncbi,s3","gs.us-east1,ncbi.public,s3.us-east-1",not applicable,Cayman Islands (2013),SRX5165335,Wall,Illumina HiSeq 2500,CAY13_12,19.74171,EKB_516_SbfI,SINGLE,Reduced Representation,GENOMIC,-79.78287,Pterois volitans,ILLUMINA,2018-12-19T00:00:00Z,EKB_516,not determined,SRP173940,238,muscle,2018-12-19T14:02:00Z,1,326
SRR8354559,RAD-Seq,90,106111800,PRJNA510810,SAMN10616181,Model organism or animal,68235767,OREGON STATE UNIVERSITY,13/10/2013,"Pedro Castle, Grand Cayman",public,"fastq,run.zq,sra","gs,ncbi,s3","gs.us-east1,ncbi.public,s3.us-east-1",not applicable,Cayman Islands (2013),SRX5165334,Spur and Groove,Illumina HiSeq 2500,CAY13_09,19.26148,EKB_513_SbfI,SINGLE,Reduced Representation,GENOMIC,-81.28001,Pterois volitans,ILLUMINA,2018-12-19T00:00:00Z,EKB_513,not determined,SRP173940,290,muscle,2018-12-19T14:02:00Z,1,384
SRR8354560,RAD-Seq,90,83537280,PRJNA510810,SAMN10616182,Model organism or animal,53795660,OREGON STATE UNIVERSITY,13/10/2013,"Pilot Wrek, Grand Cayman",public,"fastq,run.zq,sra","gs,ncbi,s3","gs.us-east1,ncbi.public,s3.us-east-1",not applicable,Cayman Islands (2013),SRX5165333,Wreck,Illumina HiSeq 2500,CAY13_10,19.36749,EKB_514_SbfI,SINGLE,Reduced Representation,GENOMIC,-81.36927,Pterois volitans,ILLUMINA,2018-12-19T00:00:00Z,EKB_514,not determined,SRP173940,230,muscle,2018-12-19T14:02:00Z,1,300
SRR8354561,RAD-Seq,90,125733510,PRJNA510810,SAMN10616179,Model organism or animal,81737570,OREGON STATE UNIVERSITY,12/10/2013,"East of Black Forest, Grand Cayman",public,"fastq,run.zq,sra","gs,ncbi,s3","gs.us-east1,ncbi.public,s3.us-east-1",not applicable,Cayman Islands (2013),SRX5165332,Wall,Illumina HiSeq 2500,CAY13_07,19.27234,EKB_511_SbfI,SINGLE,Reduced Representation,GENOMIC,-81.3953,Pterois volitans,ILLUMINA,2018-12-19T00:00:00Z,EKB_511,not determined,SRP173940,NA,muscle,2018-12-19T14:02:00Z,1,282
SRR8354562,RAD-Seq,90,110476800,PRJNA510810,SAMN10616180,Model organism or animal,71190038,OREGON STATE UNIVERSITY,13/10/2013,"Pedro Castle, Grand Cayman",public,"fastq,run.zq,sra","gs,ncbi,s3","gs.us-east1,ncbi.public,s3.us-east-1",not applicable,Cayman Islands (2013),SRX5165331,Spur and Groove,Illumina HiSeq 2500,CAY13_08,19.26148,EKB_512_SbfI,SINGLE,Reduced Representation,GENOMIC,-81.28001,Pterois volitans,ILLUMINA,2018-12-19T00:00:00Z,EKB_512,not determined,SRP173940,287,muscle,2018-12-19T14:02:00Z,1,370
SRR8354563,RAD-Seq,90,129126150,PRJNA510810,SAMN10616177,Model organism or animal,83067199,OREGON STATE UNIVERSITY,12/10/2013,"Spotts Beach Mooring, Grand Cayman",public,"fastq,run.zq,sra","gs,ncbi,s3","gs.us-east1,ncbi.public,s3.us-east-1",not applicable,Cayman Islands (2013),SRX5165330,Wall,Illumina HiSeq 2500,CAY13_05,19.26862,EKB_509_SbfI,SINGLE,Reduced Representation,GENOMIC,-81.31138,Pterois volitans,ILLUMINA,2018-12-19T00:00:00Z,EKB_509,not determined,SRP173940,315,muscle,2018-12-19T14:02:00Z,1,410
SRR8354564,RAD-Seq,90,113043960,PRJNA510810,SAMN10616178,Model organism or animal,72952061,OREGON STATE UNIVERSITY,12/10/2013,"Pedro Reef, Grand Cayman",public,"fastq,run.zq,sra","gs,ncbi,s3","gs.us-east1,ncbi.public,s3.us-east-1",not applicable,Cayman Islands (2013),SRX5165329,Spur and Groove,Illumina HiSeq 2500,CAY13_06,19.26657,EKB_510_SbfI,SINGLE,Reduced Representation,GENOMIC,-81.29439,Pterois volitans,ILLUMINA,2018-12-19T00:00:00Z,EKB_510,not determined,SRP173940,303,muscle,2018-12-19T14:02:00Z,1,--
SRR8354565,RAD-Seq,90,100035810,PRJNA510810,SAMN10616175,Model organism or animal,64034306,OREGON STATE UNIVERSITY,21/10/2013,"LC SPAG, Little Cayman",public,"fastq,run.zq,sra","gs,ncbi,s3","gs.us-east1,ncbi.public,s3.us-east-1",not applicable,Cayman Islands (2013),SRX5165328,Wall Patch,Illumina HiSeq 2500,CAY13_03,19.6519,EKB_507_SbfI,SINGLE,Reduced Representation,GENOMIC,-80.10772,Pterois volitans,ILLUMINA,2018-12-19T00:00:00Z,EKB_507,not determined,SRP173940,203,muscle,2018-12-19T14:02:00Z,1,263
SRR8354566,RAD-Seq,90,112704480,PRJNA510810,SAMN10616176,Model organism or animal,72916301,OREGON STATE UNIVERSITY,21/10/2013,"LC SPAG, Little Cayman",public,"fastq,run.zq,sra","gs,ncbi,s3","gs.us-east1,ncbi.public,s3.us-east-1",not applicable,Cayman Islands (2013),SRX5165327,Wall Patch,Illumina HiSeq 2500,CAY13_04,19.6519,EKB_508_SbfI,SINGLE,Reduced Representation,GENOMIC,-80.10772,Pterois volitans,ILLUMINA,2018-12-19T00:00:00Z,EKB_508,not determined,SRP173940,195,muscle,2018-12-19T14:02:00Z,1,263
SRR8354567,RAD-Seq,90,137597490,PRJNA510810,SAMN10616231,Model organism or animal,89095712,OREGON STATE UNIVERSITY,28/07/2012,Fish Pot (Bluefields),public,"fastq,run.zq,sra","gs,ncbi,s3","gs.us-east1,ncbi.public,s3.us-east-1",not applicable,Jamaica (2012),SRX5165326,Coral Reef,Illumina HiSeq 2500,Jam13_11,,EKB_472_SbfI,SINGLE,Reduced Representation,GENOMIC,,Pterois volitans,ILLUMINA,2018-12-19T00:00:00Z,EKB_472,female,SRP173940,194,muscle,2018-12-19T14:02:00Z,1,265
SRR8354568,RAD-Seq,90,163161990,PRJNA510810,SAMN10616194,Model organism or animal,106604227,OREGON STATE UNIVERSITY,12/10/2013,Las Galeras Samana,public,"fastq,run.zq,sra","gs,ncbi,s3","gs.us-east1,ncbi.public,s3.us-east-1",not applicable,Dominican Republic (2013),SRX5165325,Coral Reef,Illumina HiSeq 2500,Dom13_10,19.17474,EKB_538_SbfI,SINGLE,Reduced Representation,GENOMIC,-69.11902,Pterois volitans,ILLUMINA,2018-12-19T00:00:00Z,EKB_538,not determined,SRP173940,330,muscle,2018-12-19T14:03:00Z,1,260
SRR8354569,RAD-Seq,90,102710070,PRJNA510810,SAMN10616193,Model organism or animal,65893430,OREGON STATE UNIVERSITY,12/10/2013,Las Galeras Samana,public,"fastq,run.zq,sra","gs,ncbi,s3","gs.us-east1,ncbi.public,s3.us-east-1",not applicable,Dominican Republic (2013),SRX5165324,Coral Reef,Illumina HiSeq 2500,Dom13_9,19.17474,EKB_537_SbfI,SINGLE,Reduced Representation,GENOMIC,-69.11902,Pterois volitans,ILLUMINA,2018-12-19T00:00:00Z,EKB_537,not determined,SRP173940,370,muscle,2018-12-19T14:02:00Z,1,290
SRR8354570,RAD-Seq,90,122633280,PRJNA510810,SAMN10616232,Model organism or animal,79193192,OREGON STATE UNIVERSITY,28/07/2012,Fish Pot (Bluefields),public,"fastq,run.zq,sra","gs,ncbi,s3","gs.us-east1,ncbi.public,s3.us-east-1",not applicable,Jamaica (2012),SRX5165323,Coral Reef,Illumina HiSeq 2500,Jam13_12,,EKB_473_SbfI,SINGLE,Reduced Representation,GENOMIC,,Pterois volitans,ILLUMINA,2018-12-19T00:00:00Z,EKB_473,female,SRP173940,205,muscle,2018-12-19T14:02:00Z,1,272
SRR8354571,RAD-Seq,90,110827170,PRJNA510810,SAMN10616188,Model organism or animal,71200366,OREGON STATE UNIVERSITY,05/10/2013,La Caleta MPA,public,"fastq,run.zq,sra","gs,ncbi,s3","gs.us-east1,ncbi.public,s3.us-east-1",not applicable,Dominican Republic (2013),SRX5165322,Coral Reef,Illumina HiSeq 2500,Dom13_4,18.441539,EKB_532_SbfI,SINGLE,Reduced Representation,GENOMIC,-69.693642,Pterois volitans,ILLUMINA,2018-12-19T00:00:00Z,EKB_532,not determined,SRP173940,260,muscle,2018-12-19T14:02:00Z,1,200
SRR8354572,RAD-Seq,90,121769730,PRJNA510810,SAMN10616187,Model organism or animal,78975487,OREGON STATE UNIVERSITY,20/10/2013,SOSUA,public,"fastq,run.zq,sra","gs,ncbi,s3","gs.us-east1,ncbi.public,s3.us-east-1",not applicable,Dominican Republic (2013),SRX5165321,Coral Reef,Illumina HiSeq 2500,Dom13_3,19.768483,EKB_531_SbfI,SINGLE,Reduced Representation,GENOMIC,-70.561467,Pterois volitans,ILLUMINA,2018-12-19T00:00:00Z,EKB_531,not determined,SRP173940,260,muscle,2018-12-19T14:02:00Z,1,350
SRR8354573,RAD-Seq,90,156351420,PRJNA510810,SAMN10616186,Model organism or animal,100916568,OREGON STATE UNIVERSITY,05/10/2013,La Caleta MPA,public,"fastq,run.zq,sra","gs,ncbi,s3","gs.us-east1,ncbi.public,s3.us-east-1",not applicable,Dominican Republic (2013),SRX5165320,Coral Reef,Illumina HiSeq 2500,Dom13_2,18.4411,EKB_530_SbfI,SINGLE,Reduced Representation,GENOMIC,-69.694067,Pterois volitans,ILLUMINA,2018-12-19T00:00:00Z,EKB_530,not determined,SRP173940,310,muscle,2018-12-19T14:02:00Z,1,240
SRR8354574,RAD-Seq,90,139971600,PRJNA510810,SAMN10616185,Model organism or animal,91263611,OREGON STATE UNIVERSITY,05/10/2013,La Caleta MPA,public,"fastq,run.zq,sra","gs,ncbi,s3","gs.us-east1,ncbi.public,s3.us-east-1",not applicable,Dominican Republic (2013),SRX5165319,Coral Reef,Illumina HiSeq 2500,Dom13_1,18.4411,EKB_529_SbfI,SINGLE,Reduced Representation,GENOMIC,-69.694067,Pterois volitans,ILLUMINA,2018-12-19T00:00:00Z,EKB_529,not determined,SRP173940,270,muscle,2018-12-19T14:02:00Z,1,210
SRR8354575,RAD-Seq,90,115569990,PRJNA510810,SAMN10616192,Model organism or animal,74349539,OREGON STATE UNIVERSITY,12/10/2013,Las Galeras Samana,public,"fastq,run.zq,sra","gs,ncbi,s3","gs.us-east1,ncbi.public,s3.us-east-1",not applicable,Dominican Republic (2013),SRX5165318,Coral Reef,Illumina HiSeq 2500,Dom13_8,19.17474,EKB_536_SbfI,SINGLE,Reduced Representation,GENOMIC,-69.11902,Pterois volitans,ILLUMINA,2018-12-19T00:00:00Z,EKB_536,not determined,SRP173940,320,muscle,2018-12-19T14:02:00Z,1,240
SRR8354576,RAD-Seq,90,113322240,PRJNA510810,SAMN10616191,Model organism or animal,72729970,OREGON STATE UNIVERSITY,22/09/2013,BAYAHIBE,public,"fastq,run.zq,sra","gs,ncbi,s3","gs.us-east1,ncbi.public,s3.us-east-1",not applicable,Dominican Republic (2013),SRX5165317,Patch Reef,Illumina HiSeq 2500,Dom13_7,18.3431,EKB_535_SbfI,SINGLE,Reduced Representation,GENOMIC,-68.83381,Pterois volitans,ILLUMINA,2018-12-19T00:00:00Z,EKB_535,not determined,SRP173940,224,muscle,2018-12-19T14:02:00Z,1,288
SRR8354577,RAD-Seq,90,95708790,PRJNA510810,SAMN10616190,Model organism or animal,62140778,OREGON STATE UNIVERSITY,22/09/2013,BAYAHIBE,public,"fastq,run.zq,sra","gs,ncbi,s3","gs.us-east1,ncbi.public,s3.us-east-1",not applicable,Dominican Republic (2013),SRX5165316,Patch Reef,Illumina HiSeq 2500,Dom13_6,18.3431,EKB_534_SbfI,SINGLE,Reduced Representation,GENOMIC,-68.83381,Pterois volitans,ILLUMINA,2018-12-19T00:00:00Z,EKB_534,not determined,SRP173940,216,muscle,2018-12-19T14:02:00Z,1,285
SRR8354578,RAD-Seq,90,97032510,PRJNA510810,SAMN10616189,Model organism or animal,61876448,OREGON STATE UNIVERSITY,05/10/2013,La Caleta MPA,public,"fastq,run.zq,sra","gs,ncbi,s3","gs.us-east1,ncbi.public,s3.us-east-1",not applicable,Dominican Republic (2013),SRX5165315,Coral Reef,Illumina HiSeq 2500,Dom13_5,18.441539,EKB_533_SbfI,SINGLE,Reduced Representation,GENOMIC,-69.693642,Pterois volitans,ILLUMINA,2018-12-19T00:00:00Z,EKB_533,not determined,SRP173940,270,muscle,2018-12-19T14:02:00Z,1,200
SRR8354579,RAD-Seq,90,119349360,PRJNA510810,SAMN10616230,Model organism or animal,78085460,OREGON STATE UNIVERSITY,29/07/2012,English Reef,public,"fastq,run.zq,sra","gs,ncbi,s3","gs.us-east1,ncbi.public,s3.us-east-1",not applicable,Jamaica (2012),SRX5165314,Coral Reef,Illumina HiSeq 2500,Jam13_10,,EKB_471_SbfI,SINGLE,Reduced Representation,GENOMIC,,Pterois volitans,ILLUMINA,2018-12-19T00:00:00Z,EKB_471,male,SRP173940,221,muscle,2018-12-19T14:02:00Z,1,294
SRR8354580,RAD-Seq,90,146297340,PRJNA510810,SAMN10616229,Model organism or animal,94719478,OREGON STATE UNIVERSITY,13/07/2012,East Fore Reef,public,"fastq,run.zq,sra","gs,ncbi,s3","gs.us-east1,ncbi.public,s3.us-east-1",not applicable,Jamaica (2012),SRX5165313,Coral Reef,Illumina HiSeq 2500,Jam13_07,,EKB_468_SbfI,SINGLE,Reduced Representation,GENOMIC,,Pterois volitans,ILLUMINA,2018-12-19T00:00:00Z,EKB_468,male,SRP173940,267,muscle,2018-12-19T14:02:00Z,1,353
SRR8354581,RAD-Seq,90,145534770,PRJNA510810,SAMN10616228,Model organism or animal,95605067,OREGON STATE UNIVERSITY,17/07/2012,Dairy Bull,public,"fastq,run.zq,sra","gs,ncbi,s3","gs.us-east1,ncbi.public,s3.us-east-1",not applicable,Jamaica (2012),SRX5165312,Coral Reef,Illumina HiSeq 2500,Jam13_03,18.473376,EKB_464_SbfI,SINGLE,Reduced Representation,GENOMIC,-77.387518,Pterois volitans,ILLUMINA,2018-12-19T00:00:00Z,EKB_464,male,SRP173940,222,muscle,2018-12-19T14:02:00Z,1,296
SRR8354582,RAD-Seq,90,169401600,PRJNA510810,SAMN10616227,Model organism or animal,108236746,OREGON STATE UNIVERSITY,23/10/2013,"Mangrove Bight, Guanaja Island",public,"fastq,run.zq,sra","gs,ncbi,s3","gs.us-east1,ncbi.public,s3.us-east-1",not applicable,Honduras (2013),SRX5165311,Coral Reef,Illumina HiSeq 2500,Hon13-24,16.3132,EKB_443_SbfI,SINGLE,Reduced Representation,GENOMIC,-85.5251,Pterois volitans,ILLUMINA,2018-12-19T00:00:00Z,EKB_443,not determined,SRP173940,NA,muscle,2018-12-19T14:02:00Z,1,NA
SRR8354583,RAD-Seq,90,110644920,PRJNA510810,SAMN10616226,Model organism or animal,71457885,OREGON STATE UNIVERSITY,23/10/2013,"Mangrove Bight, Guanaja Island",public,"fastq,run.zq,sra","gs,ncbi,s3","gs.us-east1,ncbi.public,s3.us-east-1",not applicable,Honduras (2013),SRX5165310,Coral Reef,Illumina HiSeq 2500,Hon13-23,16.3132,EKB_442_SbfI,SINGLE,Reduced Representation,GENOMIC,-85.5251,Pterois volitans,ILLUMINA,2018-12-19T00:00:00Z,EKB_442,not determined,SRP173940,NA,muscle,2018-12-19T14:02:00Z,1,NA
SRR8354584,RAD-Seq,90,105933600,PRJNA510810,SAMN10616225,Model organism or animal,68101395,OREGON STATE UNIVERSITY,23/10/2013,"Mangrove Bight, Guanaja Island",public,"fastq,run.zq,sra","gs,ncbi,s3","gs.us-east1,ncbi.public,s3.us-east-1",not applicable,Honduras (2013),SRX5165309,Coral Reef,Illumina HiSeq 2500,Hon13-22,16.3132,EKB_441_SbfI,SINGLE,Reduced Representation,GENOMIC,-85.5251,Pterois volitans,ILLUMINA,2018-12-19T00:00:00Z,EKB_441,not determined,SRP173940,NA,muscle,2018-12-19T14:02:00Z,1,NA
